time,longitude,latitude,vo
2025-01-01,87.24,21.08,-0.013498261
2025-01-01,89.44,20.81,-0.0016246958
2025-01-01,89.44,21.13,0.0017121295
2025-01-01,89.45,20.49,0.019433742
2025-01-01,89.46,20.16,0.011998427
2025-01-01,89.86,21.45,0.008630451
2025-01-01,89.87,21.14,0.006822589
2025-01-01,89.88,20.82,0.02186517
2025-01-01,89.89,20.5,0.034268197
2025-01-01,90.3,21.47,0.0135976365
2025-01-01,90.31,21.15,0.022262225
2025-01-01,90.32,20.83,0.030930493
2025-01-01,90.33,20.51,0.027743977
2025-01-01,90.34,20.18,0.014352595
2025-01-01,90.73,21.8,-0.002522053
2025-01-01,90.74,21.48,0.006806517
2025-01-01,90.75,21.16,0.01299726
2025-01-01,90.76,20.84,0.017111419
2025-01-01,90.77,20.52,0.01644753
2025-01-01,90.78,20.19,0.017455755
2025-01-01,89.43,21.44,0.00885244
2025-01-01,89.02,20.16,0.012986742
2025-01-01,89.9,20.17,0.016857667
2025-01-01,89.0,21.12,-0.006631966
2025-01-01,89.01,20.48,0.009414494
2025-01-01,87.25,20.77,-0.03580774
2025-01-01,87.26,20.13,-0.041873492
2025-01-01,87.68,21.09,-0.0191329
2025-01-01,87.68,21.41,0.00086276175
2025-01-01,87.69,20.45,-0.06325084
2025-01-01,87.69,20.77,-0.049227312
2025-01-01,87.7,20.13,-0.06642089
2025-01-01,88.11,21.42,-0.036997054
2025-01-01,88.12,21.1,-0.045107547
2025-01-01,87.25,20.45,-0.046095915
2025-01-01,89.0,20.8,-0.0051132515
2025-01-01,88.13,20.78,-0.03717727
2025-01-01,88.14,20.14,-0.0647807
2025-01-01,88.55,21.42,-0.038045485
2025-01-01,88.56,21.11,-0.031013975
2025-01-01,88.57,20.47,-0.016248267
2025-01-01,88.57,20.79,-0.023895213
2025-01-01,88.58,20.15,-0.010331898
2025-01-01,88.99,21.43,-0.008264884
2025-01-01,88.13,20.46,-0.056684364
2025-02-01,89.87,21.14,-0.003859332
2025-02-01,89.86,21.45,0.0029656857
2025-02-01,89.46,20.16,-0.009694038
2025-02-01,89.02,20.16,-0.0074045802
2025-02-01,89.44,21.13,-0.005541127
2025-02-01,89.44,20.81,-0.005472737
2025-02-01,89.43,21.44,-0.0030371642
2025-02-01,89.88,20.82,0.0021596637
2025-02-01,89.45,20.49,0.0039756573
2025-02-01,89.89,20.5,0.0056633228
2025-02-01,90.73,21.8,-0.0021757558
2025-02-01,90.31,21.15,-0.00315924
2025-02-01,90.32,20.83,0.00012921469
2025-02-01,90.33,20.51,-0.00629653
2025-02-01,90.34,20.18,-0.015408963
2025-02-01,90.74,21.48,-0.0053061238
2025-02-01,90.75,21.16,-0.010528159
2025-02-01,90.76,20.84,-0.013641722
2025-02-01,90.77,20.52,-0.017458318
2025-02-01,90.78,20.19,-0.013031914
2025-02-01,90.3,21.47,0.002863857
2025-02-01,89.01,20.48,-0.004811649
2025-02-01,89.9,20.17,-0.009558295
2025-02-01,89.0,20.8,-0.023460545
2025-02-01,87.25,20.45,0.0045927907
2025-02-01,87.25,20.77,0.009581482
2025-02-01,87.26,20.13,-0.010346202
2025-02-01,87.68,21.09,0.025081133
2025-02-01,87.68,21.41,0.017423846
2025-02-01,87.69,20.45,0.008603834
2025-02-01,87.69,20.77,0.02077042
2025-02-01,87.7,20.13,0.019497324
2025-02-01,88.11,21.42,-0.012625285
2025-02-01,88.12,21.1,-0.013716241
2025-02-01,87.24,21.08,0.0013109056
2025-02-01,88.13,20.46,-0.034605198
2025-02-01,88.99,21.43,-0.029108088
2025-02-01,88.58,20.15,-0.040954053
2025-02-01,88.57,20.79,-0.054258585
2025-02-01,88.57,20.47,-0.047378227
2025-02-01,89.0,21.12,-0.029022386
2025-02-01,88.55,21.42,-0.041904002
2025-02-01,88.14,20.14,-0.02985768
2025-02-01,88.13,20.78,-0.02141173
2025-02-01,88.56,21.11,-0.05486538
2025-03-01,89.43,21.44,-0.038811017
2025-03-01,89.44,20.81,-0.047479585
2025-03-01,89.44,21.13,-0.047636967
2025-03-01,89.45,20.49,-0.04113812
2025-03-01,89.46,20.16,-0.03560828
2025-03-01,89.86,21.45,-0.023303537
2025-03-01,89.87,21.14,-0.03309554
2025-03-01,89.88,20.82,-0.037899014
2025-03-01,89.89,20.5,-0.033082083
2025-03-01,89.9,20.17,-0.034813922
2025-03-01,90.31,21.15,-0.021091087
2025-03-01,90.32,20.83,-0.027293196
2025-03-01,90.33,20.51,-0.029368956
2025-03-01,90.78,20.19,-0.034001775
2025-03-01,90.73,21.8,0.0010624757
2025-03-01,90.74,21.48,-0.006764812
2025-03-01,90.75,21.16,-0.015816085
2025-03-01,90.76,20.84,-0.022995256
2025-03-01,90.77,20.52,-0.03183601
2025-03-01,89.02,20.16,-0.037803907
2025-03-01,90.3,21.47,-0.009217813
2025-03-01,90.34,20.18,-0.0358745
2025-03-01,89.01,20.48,-0.04653319
2025-03-01,89.0,20.8,-0.049016852
2025-03-01,89.0,21.12,-0.04948116
2025-03-01,87.24,21.08,-0.0022661155
2025-03-01,87.25,20.45,-0.0045382814
2025-03-01,87.25,20.77,0.011533432
2025-03-01,87.26,20.13,-0.0209642
2025-03-01,87.68,21.09,0.02262828
2025-03-01,87.69,20.45,0.008236579
2025-03-01,87.69,20.77,0.025384454
2025-03-01,87.7,20.13,0.0074821385
2025-03-01,88.11,21.42,0.0077989055
2025-03-01,87.68,21.41,0.010253285
2025-03-01,88.13,20.46,0.013171611
2025-03-01,88.12,21.1,0.017885283
2025-03-01,88.58,20.15,-0.013452442
2025-03-01,88.57,20.79,-0.0169671
2025-03-01,88.57,20.47,-0.019125951
2025-03-01,88.99,21.43,-0.040854767
2025-03-01,88.55,21.42,-0.0194329
2025-03-01,88.14,20.14,0.021438356
2025-03-01,88.13,20.78,0.022242745
2025-03-01,88.56,21.11,-0.021541221
2025-04-01,89.89,20.5,-0.029920684
2025-04-01,89.43,21.44,-0.028760234
2025-04-01,89.44,20.81,-0.010310021
2025-04-01,89.44,21.13,-0.020091973
2025-04-01,89.45,20.49,-0.0060553993
2025-04-01,89.46,20.16,-0.016689241
2025-04-01,89.86,21.45,-0.036237583
2025-04-01,89.87,21.14,-0.0445646
2025-04-01,89.88,20.82,-0.039871287
2025-04-01,90.3,21.47,-0.02780529
2025-04-01,89.02,20.16,-0.002315313
2025-04-01,90.32,20.83,-0.049018692
2025-04-01,90.33,20.51,-0.040876877
2025-04-01,90.34,20.18,-0.035927515
2025-04-01,90.73,21.8,0.002089323
2025-04-01,90.74,21.48,-0.012314044
2025-04-01,90.75,21.16,-0.02282057
2025-04-01,90.76,20.84,-0.036953054
2025-04-01,90.77,20.52,-0.04116169
2025-04-01,90.78,20.19,-0.040822048
2025-04-01,90.31,21.15,-0.043030128
2025-04-01,89.01,20.48,0.0071634813
2025-04-01,89.9,20.17,-0.030639825
2025-04-01,89.0,20.8,0.0055469405
2025-04-01,87.24,21.08,-0.0127784135
2025-04-01,87.25,20.45,-0.03219363
2025-04-01,87.25,20.77,-0.020878268
2025-04-01,87.26,20.13,-0.020447845
2025-04-01,87.68,21.09,0.003054177
2025-04-01,87.68,21.41,0.0031298937
2025-04-01,87.69,20.45,-0.019950902
2025-04-01,87.69,20.77,-0.006789112
2025-04-01,87.7,20.13,-0.0019230933
2025-04-01,88.11,21.42,0.0051829796
2025-04-01,89.0,21.12,-0.003856322
2025-04-01,88.99,21.43,-0.01925951
2025-04-01,88.13,20.46,-0.00558855
2025-04-01,88.13,20.78,0.004296532
2025-04-01,88.14,20.14,0.0106592765
2025-04-01,88.55,21.42,-0.009096905
2025-04-01,88.56,21.11,-0.00025703193
2025-04-01,88.57,20.47,0.004000989
2025-04-01,88.57,20.79,0.004886278
2025-04-01,88.58,20.15,0.011244613
2025-04-01,88.12,21.1,0.009035312
2025-05-01,89.89,20.5,-0.03332488
2025-05-01,89.88,20.82,-0.0415282
2025-05-01,89.87,21.14,-0.04091618
2025-05-01,89.86,21.45,-0.027810602
2025-05-01,89.46,20.16,-0.039469298
2025-05-01,89.44,21.13,-0.037359945
2025-05-01,89.44,20.81,-0.03901858
2025-05-01,89.9,20.17,-0.034286305
2025-05-01,89.45,20.49,-0.0334407
2025-05-01,90.3,21.47,-0.023035578
2025-05-01,90.73,21.8,0.0034384776
2025-05-01,90.32,20.83,-0.02489868
2025-05-01,90.33,20.51,-0.017522568
2025-05-01,90.34,20.18,-0.018509394
2025-05-01,89.43,21.44,-0.032417256
2025-05-01,90.74,21.48,-0.006063205
2025-05-01,90.75,21.16,-0.006233989
2025-05-01,90.76,20.84,-0.008700222
2025-05-01,90.77,20.52,-0.0023382653
2025-05-01,90.78,20.19,-0.0030020073
2025-05-01,90.31,21.15,-0.027912134
2025-05-01,89.02,20.16,-0.033749536
2025-05-01,89.01,20.48,-0.028986901
2025-05-01,89.0,21.12,-0.036295176
2025-05-01,87.25,20.45,-0.02349333
2025-05-01,87.25,20.77,-0.0027537309
2025-05-01,87.26,20.13,-0.032155488
2025-05-01,87.68,21.09,0.007836025
2025-05-01,87.68,21.41,0.006539594
2025-05-01,87.69,20.45,-0.030048303
2025-05-01,87.69,20.77,-0.0045411326
2025-05-01,87.7,20.13,-0.032511726
2025-05-01,88.11,21.42,-0.006525897
2025-05-01,88.12,21.1,-0.006570174
2025-05-01,87.24,21.08,-0.0015808889
2025-05-01,88.13,20.78,-0.010737603
2025-05-01,88.14,20.14,-0.02665803
2025-05-01,88.55,21.42,-0.029882183
2025-05-01,88.56,21.11,-0.03302576
2025-05-01,88.57,20.47,-0.027500289
2025-05-01,88.57,20.79,-0.026661413
2025-05-01,88.58,20.15,-0.026548939
2025-05-01,88.99,21.43,-0.035090506
2025-05-01,89.0,20.8,-0.03236117
2025-05-01,88.13,20.46,-0.026716447
2025-06-01,89.88,20.82,-0.016158558
2025-06-01,89.87,21.14,-0.022309408
2025-06-01,89.86,21.45,-0.0016233204
2025-06-01,89.43,21.44,-0.016272336
2025-06-01,89.45,20.49,-0.024618622
2025-06-01,89.44,21.13,-0.045013864
2025-06-01,89.44,20.81,-0.04452756
2025-06-01,89.89,20.5,-0.0049630567
2025-06-01,89.46,20.16,-0.023815902
2025-06-01,89.9,20.17,-0.0072662467
2025-06-01,90.34,20.18,0.032617852
2025-06-01,90.31,21.15,0.024445249
2025-06-01,90.32,20.83,0.03233942
2025-06-01,90.33,20.51,0.03677554
2025-06-01,90.73,21.8,0.013188235
2025-06-01,90.74,21.48,0.03098474
2025-06-01,90.75,21.16,0.06274874
2025-06-01,90.76,20.84,0.06653868
2025-06-01,90.77,20.52,0.07450507
2025-06-01,89.02,20.16,-0.03677782
2025-06-01,90.3,21.47,0.012685975
2025-06-01,90.78,20.19,0.073561355
2025-06-01,89.01,20.48,-0.042127978
2025-06-01,89.0,20.8,-0.06694924
2025-06-01,87.24,21.08,0.024367938
2025-06-01,87.25,20.45,-0.032497767
2025-06-01,87.25,20.77,0.010841924
2025-06-01,87.26,20.13,-0.07753588
2025-06-01,87.68,21.09,0.036936995
2025-06-01,87.68,21.41,0.023876669
2025-06-01,87.69,20.45,-0.046219718
2025-06-01,87.69,20.77,0.010277585
2025-06-01,87.7,20.13,-0.070455275
2025-06-01,88.11,21.42,0.0008575067
2025-06-01,89.0,21.12,-0.0587913
2025-06-01,88.13,20.46,-0.047101315
2025-06-01,88.13,20.78,-0.03343114
2025-06-01,88.14,20.14,-0.049872227
2025-06-01,88.55,21.42,-0.02552247
2025-06-01,88.56,21.11,-0.05612462
2025-06-01,88.57,20.47,-0.056720838
2025-06-01,88.57,20.79,-0.069058344
2025-06-01,88.58,20.15,-0.045121573
2025-06-01,88.99,21.43,-0.02511727
2025-06-01,88.12,21.1,-0.015211051
2025-07-01,89.88,20.82,0.033136323
2025-07-01,89.87,21.14,-0.0068844757
2025-07-01,89.86,21.45,0.008288797
2025-07-01,89.43,21.44,0.004579941
2025-07-01,89.45,20.49,0.020241516
2025-07-01,89.44,21.13,-0.02047236
2025-07-01,89.44,20.81,-0.007988979
2025-07-01,89.89,20.5,0.062787436
2025-07-01,89.46,20.16,0.03559251
2025-07-01,89.9,20.17,0.053897202
2025-07-01,90.34,20.18,0.08830838
2025-07-01,90.31,21.15,0.08017646
2025-07-01,90.32,20.83,0.10523318
2025-07-01,90.33,20.51,0.116654776
2025-07-01,90.73,21.8,0.010436266
2025-07-01,90.74,21.48,0.049635507
2025-07-01,90.75,21.16,0.10804694
2025-07-01,90.76,20.84,0.12097199
2025-07-01,90.77,20.52,0.12789463
2025-07-01,89.02,20.16,0.014702052
2025-07-01,90.3,21.47,0.030380849
2025-07-01,90.78,20.19,0.10442394
2025-07-01,89.01,20.48,-0.009250246
2025-07-01,89.0,20.8,-0.019380823
2025-07-01,89.0,21.12,-0.023173016
2025-07-01,87.24,21.08,-0.018355297
2025-07-01,87.25,20.45,-0.20574446
2025-07-01,87.25,20.77,-0.100299716
2025-07-01,87.26,20.13,-0.27301854
2025-07-01,87.68,21.09,-0.043044027
2025-07-01,87.69,20.45,-0.20431638
2025-07-01,87.69,20.77,-0.11348008
2025-07-01,87.7,20.13,-0.20773722
2025-07-01,88.11,21.42,-0.034842107
2025-07-01,87.68,21.41,-0.00063301605
2025-07-01,88.13,20.46,-0.12705384
2025-07-01,88.12,21.1,-0.08421056
2025-07-01,88.58,20.15,-0.028258905
2025-07-01,88.57,20.79,-0.06764925
2025-07-01,88.57,20.47,-0.063533686
2025-07-01,88.99,21.43,0.00909924
2025-07-01,88.55,21.42,-0.026090883
2025-07-01,88.14,20.14,-0.090745345
2025-07-01,88.13,20.78,-0.12389523
2025-07-01,88.56,21.11,-0.06334683
2025-08-01,89.9,20.17,0.018163642
2025-08-01,89.44,20.81,-0.012849765
2025-08-01,89.44,21.13,-0.013294391
2025-08-01,89.45,20.49,0.00048163827
2025-08-01,89.46,20.16,0.013395336
2025-08-01,89.86,21.45,0.003457068
2025-08-01,89.87,21.14,-0.016967958
2025-08-01,89.88,20.82,0.002695103
2025-08-01,89.89,20.5,0.020869311
2025-08-01,90.3,21.47,0.010944206
2025-08-01,89.43,21.44,0.00078316085
2025-08-01,90.32,20.83,0.05395801
2025-08-01,90.33,20.51,0.0633865
2025-08-01,90.34,20.18,0.045361795
2025-08-01,90.73,21.8,0.0042675957
2025-08-01,90.74,21.48,0.020757634
2025-08-01,90.75,21.16,0.06126694
2025-08-01,90.76,20.84,0.07609681
2025-08-01,90.77,20.52,0.08574027
2025-08-01,90.78,20.19,0.064788744
2025-08-01,90.31,21.15,0.027414443
2025-08-01,89.02,20.16,0.013016488
2025-08-01,88.12,21.1,-0.0974208
2025-08-01,89.0,21.12,-0.035369385
2025-08-01,87.25,20.45,-0.14759408
2025-08-01,87.25,20.77,-0.028445696
2025-08-01,87.26,20.13,-0.2230226
2025-08-01,87.68,21.09,-0.00043389786
2025-08-01,87.68,21.41,0.03268795
2025-08-01,87.69,20.45,-0.1659445
2025-08-01,87.69,20.77,-0.06627025
2025-08-01,87.7,20.13,-0.15811478
2025-08-01,88.11,21.42,-0.036567014
2025-08-01,89.01,20.48,-0.0082387915
2025-08-01,87.24,21.08,0.016234439
2025-08-01,88.13,20.78,-0.14872466
2025-08-01,88.14,20.14,-0.06910288
2025-08-01,88.55,21.42,-0.07565496
2025-08-01,88.56,21.11,-0.12660582
2025-08-01,88.57,20.47,-0.066836886
2025-08-01,88.57,20.79,-0.11875796
2025-08-01,88.58,20.15,-0.01301435
2025-08-01,88.99,21.43,-0.025286827
2025-08-01,89.0,20.8,-0.020466512
2025-08-01,88.13,20.46,-0.14378989
2025-09-01,89.88,20.82,0.020578384
2025-09-01,89.87,21.14,0.0018016268
2025-09-01,89.86,21.45,0.009866887
2025-09-01,89.43,21.44,0.0012255638
2025-09-01,89.45,20.49,0.031438645
2025-09-01,89.44,21.13,0.0007895287
2025-09-01,89.44,20.81,0.013047307
2025-09-01,89.89,20.5,0.035933945
2025-09-01,89.46,20.16,0.0460746
2025-09-01,89.9,20.17,0.043565832
2025-09-01,90.34,20.18,0.040752828
2025-09-01,90.31,21.15,0.022055728
2025-09-01,90.32,20.83,0.040864278
2025-09-01,90.33,20.51,0.046376582
2025-09-01,90.73,21.8,0.0069529377
2025-09-01,90.74,21.48,0.01699784
2025-09-01,90.75,21.16,0.0417164
2025-09-01,90.76,20.84,0.053690787
2025-09-01,90.77,20.52,0.05379198
2025-09-01,89.02,20.16,0.037929296
2025-09-01,90.3,21.47,0.011184837
2025-09-01,89.01,20.48,0.011729961
2025-09-01,90.78,20.19,0.043362312
2025-09-01,89.0,20.8,-0.031592
2025-09-01,87.24,21.08,0.03971263
2025-09-01,87.25,20.45,-0.117582105
2025-09-01,87.25,20.77,0.0067411065
2025-09-01,87.26,20.13,-0.19973448
2025-09-01,87.68,21.09,0.02862803
2025-09-01,87.68,21.41,0.05300727
2025-09-01,87.69,20.45,-0.14343776
2025-09-01,87.69,20.77,-0.044089943
2025-09-01,87.7,20.13,-0.14216481
2025-09-01,88.11,21.42,-0.03550195
2025-09-01,89.0,21.12,-0.070109725
2025-09-01,88.13,20.46,-0.14398815
2025-09-01,88.13,20.78,-0.15340817
2025-09-01,88.14,20.14,-0.0645768
2025-09-01,88.55,21.42,-0.1045005
2025-09-01,88.56,21.11,-0.16875884
2025-09-01,88.57,20.47,-0.07249745
2025-09-01,88.57,20.79,-0.1661226
2025-09-01,88.58,20.15,-0.003940594
2025-09-01,88.99,21.43,-0.065241694
2025-09-01,88.12,21.1,-0.10173812
2025-10-01,89.88,20.82,0.030681742
2025-10-01,89.87,21.14,0.010236486
2025-10-01,89.86,21.45,0.0021878893
2025-10-01,89.43,21.44,-0.020719709
2025-10-01,89.45,20.49,0.038651355
2025-10-01,89.44,21.13,-0.0039170864
2025-10-01,89.44,20.81,0.026232919
2025-10-01,89.89,20.5,0.04808316
2025-10-01,89.46,20.16,0.061985657
2025-10-01,89.9,20.17,0.066432595
2025-10-01,90.34,20.18,0.05332039
2025-10-01,90.31,21.15,0.010869018
2025-10-01,90.32,20.83,0.027213918
2025-10-01,90.33,20.51,0.044055585
2025-10-01,90.73,21.8,0.0018314243
2025-10-01,90.74,21.48,0.00792497
2025-10-01,90.75,21.16,0.014365777
2025-10-01,90.76,20.84,0.025592247
2025-10-01,90.77,20.52,0.033304542
2025-10-01,89.02,20.16,0.05253989
2025-10-01,90.3,21.47,0.0057373582
2025-10-01,90.78,20.19,0.035804104
2025-10-01,89.01,20.48,0.011991673
2025-10-01,89.0,20.8,-0.03389914
2025-10-01,89.0,21.12,-0.10395897
2025-10-01,87.24,21.08,0.04449737
2025-10-01,87.25,20.45,-0.10866472
2025-10-01,87.25,20.77,0.017174518
2025-10-01,87.26,20.13,-0.17885111
2025-10-01,87.68,21.09,0.050936326
2025-10-01,87.69,20.45,-0.10308736
2025-10-01,87.69,20.77,-0.0150846895
2025-10-01,87.7,20.13,-0.083541416
2025-10-01,88.11,21.42,-0.022670506
2025-10-01,87.68,21.41,0.060559746
2025-10-01,88.13,20.46,-0.10668374
2025-10-01,88.12,21.1,-0.07205899
2025-10-01,88.58,20.15,0.013762292
2025-10-01,88.57,20.79,-0.165877
2025-10-01,88.57,20.47,-0.07977545
2025-10-01,88.99,21.43,-0.08902523
2025-10-01,88.55,21.42,-0.10245924
2025-10-01,88.14,20.14,-0.041057292
2025-10-01,88.13,20.78,-0.11988364
2025-10-01,88.56,21.11,-0.16838136
2025-11-01,89.89,20.5,0.02058629
2025-11-01,89.43,21.44,-0.038628813
2025-11-01,89.44,20.81,-0.0031839318
2025-11-01,89.44,21.13,-0.020662056
2025-11-01,89.45,20.49,-0.001993989
2025-11-01,89.46,20.16,0.013253057
2025-11-01,89.86,21.45,-0.0058720275
2025-11-01,89.87,21.14,0.0035907733
2025-11-01,89.88,20.82,0.011727097
2025-11-01,89.9,20.17,0.033553455
2025-11-01,89.02,20.16,0.0069898884
2025-11-01,90.31,21.15,0.0118510155
2025-11-01,90.32,20.83,0.021109603
2025-11-01,90.33,20.51,0.030796831
2025-11-01,90.34,20.18,0.033089753
2025-11-01,90.73,21.8,-0.007307025
2025-11-01,90.74,21.48,0.0017267426
2025-11-01,90.75,21.16,0.0066352775
2025-11-01,90.76,20.84,0.01719278
2025-11-01,90.77,20.52,0.026840776
2025-11-01,90.3,21.47,0.0051812655
2025-11-01,89.01,20.48,-0.018856628
2025-11-01,90.78,20.19,0.023998296
2025-11-01,89.0,20.8,-0.06030957
2025-11-01,87.24,21.08,0.05239085
2025-11-01,87.25,20.45,-0.07013115
2025-11-01,87.25,20.77,0.040161513
2025-11-01,87.26,20.13,-0.13604487
2025-11-01,87.68,21.09,0.064534515
2025-11-01,87.68,21.41,0.06478721
2025-11-01,87.69,20.45,-0.06599711
2025-11-01,87.69,20.77,0.012070721
2025-11-01,87.7,20.13,-0.049036432
2025-11-01,88.11,21.42,-0.021312844
2025-11-01,89.0,21.12,-0.13562632
2025-11-01,88.13,20.46,-0.13121854
2025-11-01,88.13,20.78,-0.12174308
2025-11-01,88.14,20.14,-0.08163011
2025-11-01,88.55,21.42,-0.10755778
2025-11-01,88.56,21.11,-0.1751605
2025-11-01,88.57,20.47,-0.12561356
2025-11-01,88.57,20.79,-0.19141626
2025-11-01,88.58,20.15,-0.022856293
2025-11-01,88.99,21.43,-0.10528407
2025-11-01,88.12,21.1,-0.06925396
2025-12-01,89.89,20.5,0.0025575282
2025-12-01,89.88,20.82,0.0020346416
2025-12-01,89.87,21.14,0.00069853244
2025-12-01,89.44,20.81,-0.0045276345
2025-12-01,89.45,20.49,-0.01708648
2025-12-01,89.44,21.13,-0.006013214
2025-12-01,89.9,20.17,0.004873696
2025-12-01,89.86,21.45,-0.0023248459
2025-12-01,90.3,21.47,0.004448871
2025-12-01,90.34,20.18,0.017302345
2025-12-01,90.32,20.83,0.017252784
2025-12-01,90.33,20.51,0.019337775
2025-12-01,89.43,21.44,-0.014926638
2025-12-01,90.73,21.8,-0.008958322
2025-12-01,90.74,21.48,-0.0030625428
2025-12-01,90.75,21.16,0.004344586
2025-12-01,90.76,20.84,0.015668599
2025-12-01,90.77,20.52,0.023472864
2025-12-01,90.78,20.19,0.017029937
2025-12-01,90.31,21.15,0.010615641
2025-12-01,89.02,20.16,-0.036166474
2025-12-01,89.46,20.16,-0.020875651
2025-12-01,89.01,20.48,-0.03436323
2025-12-01,89.0,21.12,-0.09060391
2025-12-01,87.24,21.08,0.030959778
2025-12-01,87.25,20.45,0.011296588
2025-12-01,87.25,20.77,0.037625235
2025-12-01,87.26,20.13,-0.030152379
2025-12-01,87.68,21.09,0.040550757
2025-12-01,87.69,20.45,0.016654821
2025-12-01,87.69,20.77,0.025737118
2025-12-01,87.7,20.13,0.019252483
2025-12-01,88.11,21.42,-0.04968898
2025-12-01,87.68,21.41,0.040347993
2025-12-01,88.13,20.46,-0.1593111
2025-12-01,88.12,21.1,-0.08639039
2025-12-01,88.99,21.43,-0.084753126
2025-12-01,88.58,20.15,-0.13466449
2025-12-01,88.57,20.79,-0.19244272
2025-12-01,88.57,20.47,-0.18089592
2025-12-01,89.0,20.8,-0.041593857
2025-12-01,88.55,21.42,-0.1160844
2025-12-01,88.14,20.14,-0.14238381
2025-12-01,88.13,20.78,-0.13120699
2025-12-01,88.56,21.11,-0.16769719
2026-01-01,89.89,20.5,0.0031259116
2026-01-01,89.43,21.44,-0.022419073
2026-01-01,89.44,20.81,-0.001149592
2026-01-01,89.44,21.13,-0.009360597
2026-01-01,89.45,20.49,-0.008919217
2026-01-01,89.46,20.16,-0.029800579
2026-01-01,89.86,21.45,0.0013392878
2026-01-01,89.87,21.14,-0.0011752557
2026-01-01,89.88,20.82,-0.00031667712
2026-01-01,89.9,20.17,-0.0040499438
2026-01-01,89.02,20.16,-0.10721506
2026-01-01,90.31,21.15,0.0035540035
2026-01-01,90.32,20.83,0.009712514
2026-01-01,90.33,20.51,0.015756669
2026-01-01,90.34,20.18,0.0098606935
2026-01-01,90.73,21.8,-0.008270605
2026-01-01,90.74,21.48,-0.0059260796
2026-01-01,90.75,21.16,0.0037961474
2026-01-01,90.76,20.84,0.0127433315
2026-01-01,90.77,20.52,0.020571021
2026-01-01,90.3,21.47,0.004882904
2026-01-01,90.78,20.19,0.014336066
2026-01-01,89.01,20.48,-0.10072992
2026-01-01,89.0,20.8,-0.084572434
2026-01-01,87.24,21.08,0.0027280857
2026-01-01,87.25,20.45,0.05172658
2026-01-01,87.25,20.77,0.030523973
2026-01-01,87.26,20.13,0.03387914
2026-01-01,87.68,21.09,0.042836767
2026-01-01,87.68,21.41,0.029361421
2026-01-01,87.69,20.45,0.06543204
2026-01-01,87.69,20.77,0.06312626
2026-01-01,87.7,20.13,0.05252385
2026-01-01,88.11,21.42,-0.027387248
2026-01-01,89.0,21.12,-0.09394531
2026-01-01,88.13,20.46,-0.07213242
2026-01-01,88.13,20.78,-0.046537697
2026-01-01,88.14,20.14,-0.05633619
2026-01-01,88.55,21.42,-0.08840805
2026-01-01,88.56,21.11,-0.13290268
2026-01-01,88.57,20.47,-0.1896043
2026-01-01,88.57,20.79,-0.16261713
2026-01-01,88.58,20.15,-0.17689946
2026-01-01,88.99,21.43,-0.081521995
2026-01-01,88.12,21.1,-0.029991375
2026-02-01,89.88,20.82,-0.017950471
2026-02-01,89.87,21.14,-0.027060667
2026-02-01,89.86,21.45,-0.036350854
2026-02-01,89.43,21.44,-0.07982831
2026-02-01,89.45,20.49,-0.11347484
2026-02-01,89.44,21.13,-0.10419485
2026-02-01,89.44,20.81,-0.11177816
2026-02-01,89.89,20.5,-0.021474488
2026-02-01,89.46,20.16,-0.12868844
2026-02-01,89.9,20.17,-0.05397425
2026-02-01,90.34,20.18,-0.020489464
2026-02-01,90.31,21.15,0.0026700438
2026-02-01,90.32,20.83,0.0008540281
2026-02-01,90.33,20.51,0.003077042
2026-02-01,90.73,21.8,-0.005031576
2026-02-01,90.74,21.48,-0.0062268665
2026-02-01,90.75,21.16,-0.0051594274
2026-02-01,90.76,20.84,-0.0050380323
2026-02-01,90.77,20.52,0.00026776813
2026-02-01,89.02,20.16,-0.13250294
2026-02-01,90.3,21.47,-0.00020537354
2026-02-01,90.78,20.19,-0.01247928
2026-02-01,89.01,20.48,-0.136703
2026-02-01,89.0,20.8,-0.11865778
2026-02-01,89.0,21.12,-0.090839624
2026-02-01,87.24,21.08,-0.011068685
2026-02-01,87.25,20.45,0.012928879
2026-02-01,87.25,20.77,6.973563e-05
2026-02-01,87.26,20.13,-0.0027336602
2026-02-01,87.68,21.09,0.029422391
2026-02-01,87.69,20.45,0.06524649
2026-02-01,87.69,20.77,0.052524593
2026-02-01,87.7,20.13,0.059029374
2026-02-01,88.11,21.42,0.018353788
2026-02-01,87.68,21.41,0.019460374
2026-02-01,88.13,20.46,0.060619235
2026-02-01,88.12,21.1,0.035955537
2026-02-01,88.58,20.15,-0.014777465
2026-02-01,88.57,20.79,-0.02066538
2026-02-01,88.57,20.47,-0.034263954
2026-02-01,88.99,21.43,-0.07300317
2026-02-01,88.55,21.42,-0.027352449
2026-02-01,88.14,20.14,0.06716812
2026-02-01,88.13,20.78,0.06362572
2026-02-01,88.56,21.11,-0.018466538
2026-03-01,89.89,20.5,-0.10427114
2026-03-01,89.43,21.44,-0.053710118
2026-03-01,89.44,20.81,-0.06433818
2026-03-01,89.44,21.13,-0.05570187
2026-03-01,89.45,20.49,-0.065888636
2026-03-01,89.46,20.16,-0.059460018
2026-03-01,89.86,21.45,-0.06317243
2026-03-01,89.87,21.14,-0.087056406
2026-03-01,89.88,20.82,-0.101316705
2026-03-01,90.3,21.47,-0.04754967
2026-03-01,89.02,20.16,0.004964214
2026-03-01,90.32,20.83,-0.08339463
2026-03-01,90.33,20.51,-0.088696025
2026-03-01,90.34,20.18,-0.10117431
2026-03-01,90.73,21.8,-0.0066269184
2026-03-01,90.74,21.48,-0.030908288
2026-03-01,90.75,21.16,-0.045935016
2026-03-01,90.76,20.84,-0.052221227
2026-03-01,90.77,20.52,-0.059218656
2026-03-01,90.78,20.19,-0.07436211
2026-03-01,90.31,21.15,-0.07267431
2026-03-01,89.01,20.48,-0.0013794779
2026-03-01,89.9,20.17,-0.10433157
2026-03-01,89.0,20.8,-0.0051702983
2026-03-01,87.25,20.45,-0.0029295846
2026-03-01,87.25,20.77,-0.011118132
2026-03-01,87.26,20.13,0.0013301739
2026-03-01,87.68,21.09,0.015498254
2026-03-01,87.68,21.41,0.014816587
2026-03-01,87.69,20.45,0.010454313
2026-03-01,87.69,20.77,0.019098764
2026-03-01,87.7,20.13,0.006820896
2026-03-01,88.11,21.42,0.012204501
2026-03-01,88.12,21.1,0.020694574
2026-03-01,87.24,21.08,-0.010604776
2026-03-01,88.13,20.46,0.01942553
2026-03-01,88.13,20.78,0.033752374
2026-03-01,88.14,20.14,0.015040863
2026-03-01,88.55,21.42,-0.011346163
2026-03-01,88.56,21.11,0.008693755
2026-03-01,88.57,20.47,0.025579073
2026-03-01,88.57,20.79,0.028072068
2026-03-01,88.58,20.15,0.025646131
2026-03-01,88.99,21.43,-0.033715192
2026-03-01,89.0,21.12,-0.01536013
2026-04-01,89.88,20.82,-0.008993612
2026-04-01,89.87,21.14,-0.022764936
2026-04-01,89.86,21.45,-0.025233591
2026-04-01,89.43,21.44,-0.030515661
2026-04-01,89.45,20.49,-0.0019447008
2026-04-01,89.44,21.13,-0.009754647
2026-04-01,89.44,20.81,-0.0011128879
2026-04-01,89.89,20.5,0.0042967754
2026-04-01,89.46,20.16,-0.019341588
2026-04-01,89.9,20.17,0.0034602587
2026-04-01,90.34,20.18,0.007870621
2026-04-01,90.31,21.15,-0.044718847
2026-04-01,90.32,20.83,-0.0333926
2026-04-01,90.33,20.51,-0.009433393
2026-04-01,90.73,21.8,-0.0029423959
2026-04-01,90.74,21.48,-0.03363895
2026-04-01,90.75,21.16,-0.050474256
2026-04-01,90.76,20.84,-0.057859186
2026-04-01,90.77,20.52,-0.048812263
2026-04-01,89.02,20.16,-0.026322601
2026-04-01,90.3,21.47,-0.03625398
2026-04-01,89.01,20.48,-0.01093457
2026-04-01,90.78,20.19,-0.032531865
2026-04-01,89.0,20.8,-0.009024452
2026-04-01,87.24,21.08,-0.011834817
2026-04-01,87.25,20.45,-0.024110466
2026-04-01,87.25,20.77,-0.02365093
2026-04-01,87.26,20.13,-0.0017679243
2026-04-01,87.68,21.09,0.015096922
2026-04-01,87.68,21.41,0.016774131
2026-04-01,87.69,20.45,0.0004324502
2026-04-01,87.69,20.77,0.00929759
2026-04-01,87.7,20.13,0.014078419
2026-04-01,88.11,21.42,0.005422494
2026-04-01,89.0,21.12,-0.015633209
2026-04-01,88.13,20.46,0.0049691787
2026-04-01,88.13,20.78,0.0151904635
2026-04-01,88.14,20.14,0.011213639
2026-04-01,88.55,21.42,-0.0200025
2026-04-01,88.56,21.11,-0.010181587
2026-04-01,88.57,20.47,-0.006818868
2026-04-01,88.57,20.79,-0.00250252
2026-04-01,88.58,20.15,-0.0071993247
2026-04-01,88.99,21.43,-0.03311792
2026-04-01,88.12,21.1,0.013265379
2026-05-01,89.88,20.82,-0.030549565
2026-05-01,89.87,21.14,-0.030467719
2026-05-01,89.86,21.45,-0.02300301
2026-05-01,89.43,21.44,-0.034767948
2026-05-01,89.45,20.49,-0.027796214
2026-05-01,89.44,21.13,-0.033832677
2026-05-01,89.44,20.81,-0.03134646
2026-05-01,89.89,20.5,-0.026069611
2026-05-01,89.46,20.16,-0.03091174
2026-05-01,89.9,20.17,-0.024166705
2026-05-01,90.34,20.18,-0.010307163
2026-05-01,90.31,21.15,-0.0203744
2026-05-01,90.32,20.83,-0.017862378
2026-05-01,90.33,20.51,-0.012773628
2026-05-01,90.73,21.8,0.008590315
2026-05-01,90.74,21.48,-0.0024818555
2026-05-01,90.75,21.16,-0.0053874273
2026-05-01,90.76,20.84,-0.004336313
2026-05-01,90.77,20.52,0.0017713982
2026-05-01,89.02,20.16,-0.036284868
2026-05-01,90.3,21.47,-0.01896934
2026-05-01,90.78,20.19,0.0074612354
2026-05-01,89.01,20.48,-0.02464043
2026-05-01,89.0,20.8,-0.028150903
2026-05-01,89.0,21.12,-0.03737154
2026-05-01,87.24,21.08,-0.0067581777
2026-05-01,87.25,20.45,-0.013303665
2026-05-01,87.25,20.77,-0.009493035
2026-05-01,87.26,20.13,-0.009724955
2026-05-01,87.68,21.09,0.017907815
2026-05-01,87.69,20.45,-0.0056106998
2026-05-01,87.69,20.77,0.011191114
2026-05-01,87.7,20.13,-0.009101801
2026-05-01,88.11,21.42,-0.0008685928
2026-05-01,87.68,21.41,0.012309988
2026-05-01,88.13,20.46,-0.0103727635
2026-05-01,88.12,21.1,0.009140096
2026-05-01,88.58,20.15,-0.031100417
2026-05-01,88.57,20.79,-0.013604017
2026-05-01,88.57,20.47,-0.017547635
2026-05-01,88.99,21.43,-0.041085977
2026-05-01,88.55,21.42,-0.030503588
2026-05-01,88.14,20.14,-0.017052611
2026-05-01,88.13,20.78,0.00941323
2026-05-01,88.56,21.11,-0.026351977
2026-06-01,89.89,20.5,0.056813408
2026-06-01,89.43,21.44,-0.0035242883
2026-06-01,89.44,20.81,-0.013877632
2026-06-01,89.44,21.13,-0.029500235
2026-06-01,89.45,20.49,0.021447003
2026-06-01,89.46,20.16,0.05453345
2026-06-01,89.86,21.45,0.01953955
2026-06-01,89.87,21.14,-0.0033154055
2026-06-01,89.88,20.82,0.026300063
2026-06-01,89.9,20.17,0.07403422
2026-06-01,89.02,20.16,0.013265544
2026-06-01,90.31,21.15,0.061202083
2026-06-01,90.32,20.83,0.088553116
2026-06-01,90.33,20.51,0.098297864
2026-06-01,90.34,20.18,0.08723582
2026-06-01,90.73,21.8,0.014235862
2026-06-01,90.74,21.48,0.05264545
2026-06-01,90.75,21.16,0.100794844
2026-06-01,90.76,20.84,0.10983878
2026-06-01,90.77,20.52,0.11208453
2026-06-01,90.3,21.47,0.038850985
2026-06-01,89.01,20.48,-0.008280405
2026-06-01,90.78,20.19,0.09464963
2026-06-01,89.0,20.8,-0.031574883
2026-06-01,87.24,21.08,-0.0052487883
2026-06-01,87.25,20.45,-0.1586809
2026-06-01,87.25,20.77,-0.06905909
2026-06-01,87.26,20.13,-0.21496937
2026-06-01,87.68,21.09,-0.017729204
2026-06-01,87.68,21.41,0.0041003204
2026-06-01,87.69,20.45,-0.16042116
2026-06-01,87.69,20.77,-0.07703231
2026-06-01,87.7,20.13,-0.16466549
2026-06-01,88.11,21.42,-0.020328144
2026-06-01,89.0,21.12,-0.040078573
2026-06-01,88.13,20.46,-0.09142378
2026-06-01,88.13,20.78,-0.083032414
2026-06-01,88.14,20.14,-0.053726096
2026-06-01,88.55,21.42,-0.022496428
2026-06-01,88.56,21.11,-0.050952524
2026-06-01,88.57,20.47,-0.039411996
2026-06-01,88.57,20.79,-0.05633164
2026-06-01,88.58,20.15,-0.02096257
2026-06-01,88.99,21.43,-0.008976415
2026-06-01,88.12,21.1,-0.05191118
2026-07-01,89.89,20.5,0.051134072
2026-07-01,89.88,20.82,0.02793234
2026-07-01,89.87,21.14,-0.00643164
2026-07-01,89.44,20.81,0.0012334136
2026-07-01,89.45,20.49,0.027627157
2026-07-01,89.44,21.13,-0.020048212
2026-07-01,89.9,20.17,0.049664743
2026-07-01,89.86,21.45,0.012182617
2026-07-01,90.3,21.47,0.030061658
2026-07-01,90.34,20.18,0.074127726
2026-07-01,90.32,20.83,0.07942461
2026-07-01,90.33,20.51,0.08565985
2026-07-01,89.43,21.44,0.0011535807
2026-07-01,90.73,21.8,0.012733665
2026-07-01,90.74,21.48,0.04875876
2026-07-01,90.75,21.16,0.09029966
2026-07-01,90.76,20.84,0.1046
2026-07-01,90.77,20.52,0.10145064
2026-07-01,90.78,20.19,0.092242084
2026-07-01,90.31,21.15,0.04864867
2026-07-01,89.02,20.16,0.01822598
2026-07-01,89.46,20.16,0.037430152
2026-07-01,89.01,20.48,0.0010872808
2026-07-01,89.0,21.12,-0.0270834
2026-07-01,87.24,21.08,-0.032428842
2026-07-01,87.25,20.45,-0.1978744
2026-07-01,87.25,20.77,-0.098426156
2026-07-01,87.26,20.13,-0.26121426
2026-07-01,87.68,21.09,-0.051996488
2026-07-01,87.69,20.45,-0.1915971
2026-07-01,87.69,20.77,-0.11057812
2026-07-01,87.7,20.13,-0.1688647
2026-07-01,88.11,21.42,-0.036916625
2026-07-01,87.68,21.41,-0.010260435
2026-07-01,88.13,20.46,-0.09492251
2026-07-01,88.12,21.1,-0.081278265
2026-07-01,88.99,21.43,-0.00285089
2026-07-01,88.58,20.15,-0.010779946
2026-07-01,88.57,20.79,-0.06048373
2026-07-01,88.57,20.47,-0.039392415
2026-07-01,89.0,20.8,-0.016936116
2026-07-01,88.55,21.42,-0.03222849
2026-07-01,88.14,20.14,-0.05172143
2026-07-01,88.13,20.78,-0.113748275
2026-07-01,88.56,21.11,-0.06338481
2026-08-01,89.89,20.5,0.041978233
2026-08-01,89.43,21.44,0.006043378
2026-08-01,89.44,20.81,-0.022176906
2026-08-01,89.44,21.13,-0.02816369
2026-08-01,89.45,20.49,0.0023326643
2026-08-01,89.46,20.16,0.021252034
2026-08-01,89.86,21.45,0.005125566
2026-08-01,89.87,21.14,-0.02444803
2026-08-01,89.88,20.82,0.011720727
2026-08-01,89.9,20.17,0.045621388
2026-08-01,89.02,20.16,-0.0050972644
2026-08-01,90.31,21.15,0.053588346
2026-08-01,90.32,20.83,0.0837897
2026-08-01,90.33,20.51,0.09474183
2026-08-01,90.34,20.18,0.075335875
2026-08-01,90.73,21.8,0.01144324
2026-08-01,90.74,21.48,0.04300489
2026-08-01,90.75,21.16,0.09964343
2026-08-01,90.76,20.84,0.10935505
2026-08-01,90.77,20.52,0.11453652
2026-08-01,90.3,21.47,0.023504011
2026-08-01,90.78,20.19,0.09272336
2026-08-01,89.01,20.48,-0.022543833
2026-08-01,89.0,20.8,-0.024481772
2026-08-01,87.24,21.08,-0.008112914
2026-08-01,87.25,20.45,-0.19314344
2026-08-01,87.25,20.77,-0.06607701
2026-08-01,87.26,20.13,-0.28466195
2026-08-01,87.68,21.09,-0.037723403
2026-08-01,87.68,21.41,0.009560468
2026-08-01,87.69,20.45,-0.21716477
2026-08-01,87.69,20.77,-0.10594017
2026-08-01,87.7,20.13,-0.21487202
2026-08-01,88.11,21.42,-0.045665644
2026-08-01,89.0,21.12,-0.028113618
2026-08-01,88.13,20.46,-0.15735535
2026-08-01,88.13,20.78,-0.16101128
2026-08-01,88.14,20.14,-0.085703865
2026-08-01,88.55,21.42,-0.044901647
2026-08-01,88.56,21.11,-0.09766916
2026-08-01,88.57,20.47,-0.07268493
2026-08-01,88.57,20.79,-0.091407806
2026-08-01,88.58,20.15,-0.035537105
2026-08-01,88.99,21.43,0.0020478594
2026-08-01,88.12,21.1,-0.10908345
2026-09-01,89.88,20.82,0.028366137
2026-09-01,89.87,21.14,-1.3264739e-05
2026-09-01,89.86,21.45,-0.005238511
2026-09-01,89.43,21.44,-0.015925696
2026-09-01,89.45,20.49,0.042945217
2026-09-01,89.44,21.13,-0.007300185
2026-09-01,89.44,20.81,0.02272273
2026-09-01,89.89,20.5,0.048071224
2026-09-01,89.46,20.16,0.049709164
2026-09-01,89.9,20.17,0.049707893
2026-09-01,90.34,20.18,0.04407978
2026-09-01,90.31,21.15,0.008750899
2026-09-01,90.32,20.83,0.03090385
2026-09-01,90.33,20.51,0.045197535
2026-09-01,90.73,21.8,0.0032648055
2026-09-01,90.74,21.48,0.00084555167
2026-09-01,90.75,21.16,0.014730232
2026-09-01,90.76,20.84,0.027068635
2026-09-01,90.77,20.52,0.039389707
2026-09-01,89.02,20.16,0.039285943
2026-09-01,90.3,21.47,-0.0007668704
2026-09-01,90.78,20.19,0.04117965
2026-09-01,89.01,20.48,0.014817908
2026-09-01,89.0,20.8,-0.030796044
2026-09-01,89.0,21.12,-0.08930107
2026-09-01,87.24,21.08,0.04123395
2026-09-01,87.25,20.45,-0.111994214
2026-09-01,87.25,20.77,0.012148601
2026-09-01,87.26,20.13,-0.18764457
2026-09-01,87.68,21.09,0.047109693
2026-09-01,87.69,20.45,-0.11702745
2026-09-01,87.69,20.77,-0.02076017
2026-09-01,87.7,20.13,-0.10398308
2026-09-01,88.11,21.42,-0.019653521
2026-09-01,87.68,21.41,0.06253515
2026-09-01,88.13,20.46,-0.11235703
2026-09-01,88.12,21.1,-0.07849973
2026-09-01,88.58,20.15,0.006523822
2026-09-01,88.57,20.79,-0.15056834
2026-09-01,88.57,20.47,-0.068170905
2026-09-01,88.99,21.43,-0.07110591
2026-09-01,88.55,21.42,-0.096045576
2026-09-01,88.14,20.14,-0.03489645
2026-09-01,88.13,20.78,-0.12364854
2026-09-01,88.56,21.11,-0.16340159
2026-10-01,89.89,20.5,0.078624815
2026-10-01,89.43,21.44,-0.008469909
2026-10-01,89.44,20.81,0.032848537
2026-10-01,89.44,21.13,0.0048813084
2026-10-01,89.45,20.49,0.05821788
2026-10-01,89.46,20.16,0.06777404
2026-10-01,89.86,21.45,0.009163525
2026-10-01,89.87,21.14,0.017570686
2026-10-01,89.88,20.82,0.053547382
2026-10-01,89.9,20.17,0.07722173
2026-10-01,89.02,20.16,0.045634426
2026-10-01,90.31,21.15,0.031738587
2026-10-01,90.32,20.83,0.06306118
2026-10-01,90.33,20.51,0.08280116
2026-10-01,90.34,20.18,0.07671863
2026-10-01,90.73,21.8,0.003628076
2026-10-01,90.74,21.48,0.01577991
2026-10-01,90.75,21.16,0.037863754
2026-10-01,90.76,20.84,0.06444094
2026-10-01,90.77,20.52,0.07891168
2026-10-01,90.3,21.47,0.0129757095
2026-10-01,89.01,20.48,0.026836867
2026-10-01,90.78,20.19,0.07836856
2026-10-01,89.0,20.8,-0.015044664
2026-10-01,87.24,21.08,0.032530263
2026-10-01,87.25,20.45,-0.14379561
2026-10-01,87.25,20.77,-0.008166271
2026-10-01,87.26,20.13,-0.22733945
2026-10-01,87.68,21.09,0.024324052
2026-10-01,87.68,21.41,0.0450238
2026-10-01,87.69,20.45,-0.15351534
2026-10-01,87.69,20.77,-0.053854056
2026-10-01,87.7,20.13,-0.12630622
2026-10-01,88.11,21.42,-0.040831357
2026-10-01,89.0,21.12,-0.07352267
2026-10-01,88.13,20.46,-0.124570236
2026-10-01,88.99,21.43,-0.07445102
2026-10-01,88.58,20.15,0.00903777
2026-10-01,88.57,20.79,-0.14910154
2026-10-01,88.57,20.47,-0.049387194
2026-10-01,88.12,21.1,-0.09382541
2026-10-01,88.55,21.42,-0.104738206
2026-10-01,88.14,20.14,-0.04274647
2026-10-01,88.13,20.78,-0.14373112
2026-10-01,88.56,21.11,-0.16485593
2026-11-01,89.9,20.17,0.024313467
2026-11-01,89.43,21.44,-0.0030378164
2026-11-01,89.44,20.81,0.035273015
2026-11-01,89.44,21.13,0.009776659
2026-11-01,89.46,20.16,0.027355097
2026-11-01,89.86,21.45,0.0052353884
2026-11-01,89.87,21.14,0.017518701
2026-11-01,89.88,20.82,0.040368624
2026-11-01,89.89,20.5,0.04046876
2026-11-01,90.3,21.47,0.004162689
2026-11-01,90.73,21.8,-0.0049811266
2026-11-01,90.32,20.83,0.019904625
2026-11-01,90.33,20.51,0.015891343
2026-11-01,90.34,20.18,0.005894315
2026-11-01,89.02,20.16,0.013991989
2026-11-01,90.74,21.48,-0.0021672472
2026-11-01,90.75,21.16,-0.004167251
2026-11-01,90.76,20.84,0.010235444
2026-11-01,90.77,20.52,0.002751274
2026-11-01,90.78,20.19,-0.0015292036
2026-11-01,90.31,21.15,0.0045054527
2026-11-01,89.01,20.48,0.022870427
2026-11-01,89.45,20.49,0.042548664
2026-11-01,89.0,20.8,0.0013505543
2026-11-01,89.0,21.12,-0.042859487
2026-11-01,87.25,20.45,-0.15062277
2026-11-01,87.25,20.77,-0.027374193
2026-11-01,87.26,20.13,-0.18972814
2026-11-01,87.68,21.09,0.013490649
2026-11-01,87.68,21.41,0.030944834
2026-11-01,87.69,20.45,-0.11794708
2026-11-01,87.69,20.77,-0.058051303
2026-11-01,87.7,20.13,-0.039910663
2026-11-01,88.11,21.42,-0.052062646
2026-11-01,87.24,21.08,0.024821052
2026-11-01,88.13,20.46,-0.062766925
2026-11-01,88.12,21.1,-0.09295878
2026-11-01,88.58,20.15,-0.013517711
2026-11-01,88.57,20.79,-0.11161853
2026-11-01,88.57,20.47,-0.019259598
2026-11-01,88.99,21.43,-0.06475179
2026-11-01,88.55,21.42,-0.10528236
2026-11-01,88.14,20.14,-0.022788174
2026-11-01,88.13,20.78,-0.11552026
2026-11-01,88.56,21.11,-0.14570859
2026-12-01,89.44,20.81,0.00760325
2026-12-01,89.89,20.5,0.027024703
2026-12-01,89.44,21.13,-1.2468987e-06
2026-12-01,89.45,20.49,0.014579544
2026-12-01,90.78,20.19,0.0017191947
2026-12-01,89.86,21.45,-0.0001123739
2026-12-01,89.87,21.14,0.0054436037
2026-12-01,89.88,20.82,0.021726044
2026-12-01,89.9,20.17,0.019604757
2026-12-01,90.34,20.18,0.014766251
2026-12-01,90.31,21.15,0.008148301
2026-12-01,90.32,20.83,0.018499728
2026-12-01,90.33,20.51,0.014671341
2026-12-01,90.73,21.8,-0.008796587
2026-12-01,90.74,21.48,-0.0027949603
2026-12-01,90.75,21.16,-0.0011301921
2026-12-01,90.76,20.84,0.003477454
2026-12-01,90.77,20.52,-0.0016879014
2026-12-01,89.43,21.44,-0.006845229
2026-12-01,90.3,21.47,0.0048006494
2026-12-01,89.02,20.16,-0.027584007
2026-12-01,89.46,20.16,0.004316209
2026-12-01,89.01,20.48,-0.021585807
2026-12-01,87.24,21.08,0.015623371
2026-12-01,87.25,20.45,-0.13803126
2026-12-01,87.25,20.77,-0.035009723
2026-12-01,87.26,20.13,-0.15689585
2026-12-01,87.68,21.09,0.025670534
2026-12-01,87.68,21.41,0.030517314
2026-12-01,87.69,20.45,-0.0812304
2026-12-01,87.69,20.77,-0.02479601
2026-12-01,87.7,20.13,-0.040082764
2026-12-01,88.11,21.42,-0.044143975
2026-12-01,89.0,21.12,-0.06500947
2026-12-01,88.13,20.46,-0.02619073
2026-12-01,88.13,20.78,-0.057685122
2026-12-01,88.14,20.14,0.009978672
2026-12-01,88.55,21.42,-0.10090986
2026-12-01,88.56,21.11,-0.13164864
2026-12-01,88.57,20.47,-0.058509428
2026-12-01,88.57,20.79,-0.11397762
2026-12-01,88.58,20.15,-0.036327492
2026-12-01,88.99,21.43,-0.06313675
2026-12-01,89.0,20.8,-0.041062877
2026-12-01,88.12,21.1,-0.0592793
2027-01-01,89.88,20.82,0.0011429144
2027-01-01,89.87,21.14,4.2736447e-05
2027-01-01,89.86,21.45,0.0019131978
2027-01-01,89.43,21.44,-0.026530506
2027-01-01,89.45,20.49,-0.0074157333
2027-01-01,89.44,21.13,-0.023220507
2027-01-01,89.44,20.81,-0.016566072
2027-01-01,89.89,20.5,0.0075427885
2027-01-01,89.46,20.16,-0.011056501
2027-01-01,89.9,20.17,0.0047275363
2027-01-01,90.34,20.18,0.0032816788
2027-01-01,90.31,21.15,-0.0101813525
2027-01-01,90.32,20.83,-0.002186205
2027-01-01,90.33,20.51,0.0041340874
2027-01-01,90.73,21.8,-0.0061459183
2027-01-01,90.74,21.48,-0.008097971
2027-01-01,90.75,21.16,-0.015669314
2027-01-01,90.76,20.84,-0.009927687
2027-01-01,90.77,20.52,-0.009685242
2027-01-01,89.02,20.16,-0.03975965
2027-01-01,90.3,21.47,0.0056950445
2027-01-01,90.78,20.19,-0.004595257
2027-01-01,89.0,21.12,-0.07703791
2027-01-01,89.0,20.8,-0.060556892
2027-01-01,89.01,20.48,-0.038146976
2027-01-01,87.24,21.08,0.002611975
2027-01-01,87.25,20.45,-0.023591122
2027-01-01,87.25,20.77,-0.008843413
2027-01-01,87.26,20.13,-0.031770978
2027-01-01,87.68,21.09,0.034134414
2027-01-01,87.69,20.45,-0.014436582
2027-01-01,87.69,20.77,0.010275695
2027-01-01,87.7,20.13,-0.01138156
2027-01-01,88.11,21.42,-0.014082374
2027-01-01,87.68,21.41,0.026811304
2027-01-01,88.13,20.46,-0.014104126
2027-01-01,88.12,21.1,-0.0005751094
2027-01-01,88.58,20.15,-0.0335013
2027-01-01,88.57,20.79,-0.06103295
2027-01-01,88.57,20.47,-0.04107124
2027-01-01,88.99,21.43,-0.07194692
2027-01-01,88.55,21.42,-0.06704476
2027-01-01,88.14,20.14,-0.0029986205
2027-01-01,88.13,20.78,0.0018281579
2027-01-01,88.56,21.11,-0.07056751
2027-02-01,89.89,20.5,-0.0046685245
2027-02-01,89.43,21.44,-0.065290906
2027-02-01,89.44,20.81,-0.06261722
2027-02-01,89.44,21.13,-0.07971783
2027-02-01,89.45,20.49,-0.040180262
2027-02-01,89.46,20.16,-0.026434362
2027-02-01,89.86,21.45,-0.038226224
2027-02-01,89.87,21.14,-0.027772434
2027-02-01,89.88,20.82,-0.012532634
2027-02-01,89.9,20.17,0.0011177575
2027-02-01,90.78,20.19,-0.005680215
2027-02-01,90.31,21.15,-0.001174768
2027-02-01,90.32,20.83,-0.0037612868
2027-02-01,90.33,20.51,-0.0022655772
2027-02-01,90.34,20.18,-0.0014934937
2027-02-01,90.73,21.8,-0.006021355
2027-02-01,90.74,21.48,-0.0042261877
2027-02-01,90.75,21.16,0.00038625323
2027-02-01,90.76,20.84,-0.00055770425
2027-02-01,90.77,20.52,-0.0053473497
2027-02-01,90.3,21.47,-0.0013120272
2027-02-01,89.02,20.16,-0.05649469
2027-02-01,89.01,20.48,-0.056749996
2027-02-01,89.0,20.8,-0.06545631
2027-02-01,87.24,21.08,-0.009038409
2027-02-01,87.25,20.45,-0.063814186
2027-02-01,87.25,20.77,-0.029155053
2027-02-01,87.26,20.13,-0.07626527
2027-02-01,87.68,21.09,0.01899469
2027-02-01,87.68,21.41,0.01699939
2027-02-01,87.69,20.45,-0.04044124
2027-02-01,87.69,20.77,-0.0005491835
2027-02-01,87.7,20.13,-0.034544174
2027-02-01,88.11,21.42,0.014081754
2027-02-01,89.0,21.12,-0.065942936
2027-02-01,88.13,20.46,0.004612914
2027-02-01,88.13,20.78,0.016554067
2027-02-01,88.14,20.14,0.01491887
2027-02-01,88.55,21.42,-0.023114108
2027-02-01,88.56,21.11,-0.021555161
2027-02-01,88.57,20.47,-0.017542228
2027-02-01,88.57,20.79,-0.020046022
2027-02-01,88.58,20.15,-0.019208841
2027-02-01,88.99,21.43,-0.0569371
2027-02-01,88.12,21.1,0.01872926
2027-03-01,89.89,20.5,-0.04435187
2027-03-01,89.88,20.82,-0.04535622
2027-03-01,89.87,21.14,-0.05495665
2027-03-01,89.44,20.81,-0.06612243
2027-03-01,89.45,20.49,-0.06940755
2027-03-01,89.44,21.13,-0.059994124
2027-03-01,89.9,20.17,-0.04205722
2027-03-01,89.86,21.45,-0.04501068
2027-03-01,90.3,21.47,-0.02326483
2027-03-01,90.34,20.18,-0.0332657
2027-03-01,90.32,20.83,-0.03549316
2027-03-01,90.33,20.51,-0.03768563
2027-03-01,89.43,21.44,-0.052108847
2027-03-01,90.73,21.8,-0.0043072635
2027-03-01,90.74,21.48,-0.017259263
2027-03-01,90.75,21.16,-0.023165839
2027-03-01,90.76,20.84,-0.02508917
2027-03-01,90.77,20.52,-0.031603273
2027-03-01,90.78,20.19,-0.030010767
2027-03-01,90.31,21.15,-0.033842735
2027-03-01,89.02,20.16,-0.06147511
2027-03-01,89.46,20.16,-0.06775774
2027-03-01,89.01,20.48,-0.05282363
2027-03-01,89.0,21.12,-0.035119966
2027-03-01,87.24,21.08,-0.007653483
2027-03-01,87.25,20.45,0.008512946
2027-03-01,87.25,20.77,0.0017617187
2027-03-01,87.26,20.13,0.0041489005
2027-03-01,87.68,21.09,0.01211563
2027-03-01,87.69,20.45,-0.0026744667
2027-03-01,87.69,20.77,0.009642808
2027-03-01,87.7,20.13,-0.012838659
2027-03-01,88.11,21.42,0.0082093915
2027-03-01,87.68,21.41,0.008704793
2027-03-01,88.13,20.46,-0.0013949901
2027-03-01,88.12,21.1,0.016042449
2027-03-01,88.99,21.43,-0.04162583
2027-03-01,88.58,20.15,-0.019721601
2027-03-01,88.57,20.79,-0.001543352
2027-03-01,88.57,20.47,-0.011436952
2027-03-01,89.0,20.8,-0.042537384
2027-03-01,88.55,21.42,-0.015570428
2027-03-01,88.14,20.14,-0.013534708
2027-03-01,88.13,20.78,0.0149273565
2027-03-01,88.56,21.11,-0.002602514
2027-04-01,89.89,20.5,-0.05581091
2027-04-01,89.43,21.44,-0.0325028
2027-04-01,89.44,20.81,-0.02743456
2027-04-01,89.44,21.13,-0.026281076
2027-04-01,89.45,20.49,-0.03547141
2027-04-01,89.46,20.16,-0.04839495
2027-04-01,89.86,21.45,-0.035591323
2027-04-01,89.87,21.14,-0.04859954
2027-04-01,89.88,20.82,-0.053640444
2027-04-01,89.9,20.17,-0.063271575
2027-04-01,89.02,20.16,-0.020098666
2027-04-01,90.31,21.15,-0.046338215
2027-04-01,90.32,20.83,-0.055235915
2027-04-01,90.33,20.51,-0.05757052
2027-04-01,90.34,20.18,-0.06262797
2027-04-01,90.73,21.8,-0.0028549687
2027-04-01,90.74,21.48,-0.016426431
2027-04-01,90.75,21.16,-0.02691409
2027-04-01,90.76,20.84,-0.04196431
2027-04-01,90.77,20.52,-0.05137341
2027-04-01,90.3,21.47,-0.029350674
2027-04-01,90.78,20.19,-0.06023893
2027-04-01,89.01,20.48,-0.00933331
2027-04-01,89.0,20.8,-0.004477326
2027-04-01,87.24,21.08,-0.015403101
2027-04-01,87.25,20.45,-0.0154156
2027-04-01,87.25,20.77,-0.022951402
2027-04-01,87.26,20.13,-0.000602725
2027-04-01,87.68,21.09,0.002648285
2027-04-01,87.68,21.41,0.0040826728
2027-04-01,87.69,20.45,0.006610085
2027-04-01,87.69,20.77,0.004949984
2027-04-01,87.7,20.13,0.021509826
2027-04-01,88.11,21.42,0.0031092353
2027-04-01,89.0,21.12,-0.008647342
2027-04-01,88.13,20.46,0.015223439
2027-04-01,88.13,20.78,0.01707396
2027-04-01,88.14,20.14,0.024391023
2027-04-01,88.55,21.42,-0.011308005
2027-04-01,88.56,21.11,9.734313e-05
2027-04-01,88.57,20.47,0.008305213
2027-04-01,88.57,20.79,0.009326443
2027-04-01,88.58,20.15,0.009359569
2027-04-01,88.99,21.43,-0.023769557
2027-04-01,88.12,21.1,0.00922709
2027-05-01,89.88,20.82,-0.04410109
2027-05-01,89.87,21.14,-0.044776745
2027-05-01,89.86,21.45,-0.030388046
2027-05-01,89.43,21.44,-0.03412941
2027-05-01,89.45,20.49,-0.024313482
2027-05-01,89.44,21.13,-0.04142637
2027-05-01,89.44,20.81,-0.034821153
2027-05-01,89.89,20.5,-0.02904861
2027-05-01,89.46,20.16,-0.022472534
2027-05-01,89.9,20.17,-0.02379423
2027-05-01,90.34,20.18,-0.016354023
2027-05-01,90.31,21.15,-0.024696587
2027-05-01,90.32,20.83,-0.026357828
2027-05-01,90.33,20.51,-0.01584626
2027-05-01,90.73,21.8,0.010435335
2027-05-01,90.74,21.48,0.0040642633
2027-05-01,90.75,21.16,0.004076522
2027-05-01,90.76,20.84,-0.004845322
2027-05-01,90.77,20.52,0.00088658987
2027-05-01,89.02,20.16,-0.016778573
2027-05-01,90.3,21.47,-0.020945573
2027-05-01,90.78,20.19,-0.0020745434
2027-05-01,89.01,20.48,-0.015767379
2027-05-01,89.0,20.8,-0.01655498
2027-05-01,89.0,21.12,-0.02653059
2027-05-01,87.24,21.08,-0.022859944
2027-05-01,87.25,20.45,-0.036112774
2027-05-01,87.25,20.77,-0.025438195
2027-05-01,87.26,20.13,-0.0456363
2027-05-01,87.68,21.09,-0.005032315
2027-05-01,87.69,20.45,-0.03026939
2027-05-01,87.69,20.77,-0.011569616
2027-05-01,87.7,20.13,-0.037982095
2027-05-01,88.11,21.42,-0.0027175967
2027-05-01,87.68,21.41,-0.015072037
2027-05-01,88.13,20.46,-0.013293547
2027-05-01,88.12,21.1,0.008062473
2027-05-01,88.58,20.15,-0.009631159
2027-05-01,88.57,20.79,0.0038313665
2027-05-01,88.57,20.47,-0.009439147
2027-05-01,88.99,21.43,-0.029653976
2027-05-01,88.55,21.42,-0.014274778
2027-05-01,88.14,20.14,-0.017477209
2027-05-01,88.13,20.78,0.011007017
2027-05-01,88.56,21.11,-0.006629821
2027-06-01,89.89,20.5,0.058110636
2027-06-01,89.43,21.44,0.005286502
2027-06-01,89.44,20.81,-0.0011482162
2027-06-01,89.44,21.13,-0.008175981
2027-06-01,89.45,20.49,0.016484328
2027-06-01,89.46,20.16,0.034086682
2027-06-01,89.86,21.45,0.022927351
2027-06-01,89.87,21.14,0.013629064
2027-06-01,89.88,20.82,0.033609167
2027-06-01,89.9,20.17,0.0678075
2027-06-01,89.02,20.16,0.014286564
2027-06-01,90.31,21.15,0.07512034
2027-06-01,90.32,20.83,0.09858116
2027-06-01,90.33,20.51,0.11589332
2027-06-01,90.34,20.18,0.1163475
2027-06-01,90.73,21.8,0.01955567
2027-06-01,90.74,21.48,0.05672523
2027-06-01,90.75,21.16,0.102848314
2027-06-01,90.76,20.84,0.12141921
2027-06-01,90.77,20.52,0.13297239
2027-06-01,90.3,21.47,0.040338058
2027-06-01,89.01,20.48,-0.008817601
2027-06-01,90.78,20.19,0.13052253
2027-06-01,89.0,20.8,-0.013316171
2027-06-01,87.24,21.08,-0.01516093
2027-06-01,87.25,20.45,-0.11279219
2027-06-01,87.25,20.77,-0.06377691
2027-06-01,87.26,20.13,-0.16647722
2027-06-01,87.68,21.09,-0.017723467
2027-06-01,87.68,21.41,-0.005952222
2027-06-01,87.69,20.45,-0.13377129
2027-06-01,87.69,20.77,-0.05478684
2027-06-01,87.7,20.13,-0.14023049
2027-06-01,88.11,21.42,-0.005041657
2027-06-01,89.0,21.12,-0.019347688
2027-06-01,88.13,20.46,-0.08071822
2027-06-01,88.13,20.78,-0.047116637
2027-06-01,88.14,20.14,-0.05224173
2027-06-01,88.55,21.42,-0.00624632
2027-06-01,88.56,21.11,-0.024119115
2027-06-01,88.57,20.47,-0.037971757
2027-06-01,88.57,20.79,-0.032826737
2027-06-01,88.58,20.15,-0.00771333
2027-06-01,88.99,21.43,0.0006336491
2027-06-01,88.12,21.1,-0.025575403
2027-07-01,89.88,20.82,0.009056737
2027-07-01,89.87,21.14,-0.033160012
2027-07-01,89.86,21.45,0.0029401944
2027-07-01,89.43,21.44,-0.0013766747
2027-07-01,89.45,20.49,-0.00026484526
2027-07-01,89.44,21.13,-0.047789823
2027-07-01,89.44,20.81,-0.04312172
2027-07-01,89.89,20.5,0.054928623
2027-07-01,89.46,20.16,0.028115362
2027-07-01,89.9,20.17,0.05773204
2027-07-01,90.34,20.18,0.08689819
2027-07-01,90.31,21.15,0.061601356
2027-07-01,90.32,20.83,0.09899232
2027-07-01,90.33,20.51,0.11681277
2027-07-01,90.73,21.8,0.013338829
2027-07-01,90.74,21.48,0.048574347
2027-07-01,90.75,21.16,0.10410407
2027-07-01,90.76,20.84,0.118008345
2027-07-01,90.77,20.52,0.12713364
2027-07-01,89.02,20.16,-0.01064021
2027-07-01,90.3,21.47,0.029470237
2027-07-01,89.01,20.48,-0.043569718
2027-07-01,90.78,20.19,0.09546835
2027-07-01,89.0,20.8,-0.05536208
2027-07-01,87.24,21.08,-0.019656882
2027-07-01,87.25,20.45,-0.19062236
2027-07-01,87.25,20.77,-0.08892595
2027-07-01,87.26,20.13,-0.30867872
2027-07-01,87.68,21.09,-0.04287614
2027-07-01,87.68,21.41,-0.008861656
2027-07-01,87.69,20.45,-0.23168947
2027-07-01,87.69,20.77,-0.12183114
2027-07-01,87.7,20.13,-0.2714057
2027-07-01,88.11,21.42,-0.014542215
2027-07-01,89.0,21.12,-0.044702012
2027-07-01,88.13,20.46,-0.17039137
2027-07-01,88.13,20.78,-0.12201339
2027-07-01,88.14,20.14,-0.15200976
2027-07-01,88.55,21.42,-0.007621891
2027-07-01,88.56,21.11,-0.05415231
2027-07-01,88.57,20.47,-0.11398418
2027-07-01,88.57,20.79,-0.095909655
2027-07-01,88.58,20.15,-0.07520937
2027-07-01,88.99,21.43,0.0033213282
2027-07-01,88.12,21.1,-0.06639789
2027-08-01,89.88,20.82,0.020443091
2027-08-01,89.87,21.14,-0.0029796476
2027-08-01,89.86,21.45,0.0011019913
2027-08-01,89.43,21.44,-0.0031566382
2027-08-01,89.45,20.49,0.02856869
2027-08-01,89.44,21.13,-0.0046657445
2027-08-01,89.44,20.81,0.013607605
2027-08-01,89.89,20.5,0.03627762
2027-08-01,89.46,20.16,0.024113879
2027-08-01,89.9,20.17,0.027477076
2027-08-01,90.34,20.18,0.040463477
2027-08-01,90.31,21.15,0.011066961
2027-08-01,90.32,20.83,0.033064034
2027-08-01,90.33,20.51,0.047460712
2027-08-01,90.73,21.8,0.006035286
2027-08-01,90.74,21.48,0.012809209
2027-08-01,90.75,21.16,0.022981815
2027-08-01,90.76,20.84,0.036784712
2027-08-01,90.77,20.52,0.05095791
2027-08-01,89.02,20.16,0.022467658
2027-08-01,90.3,21.47,0.005617625
2027-08-01,90.78,20.19,0.05259986
2027-08-01,89.01,20.48,0.006345543
2027-08-01,89.0,20.8,-0.02935938
2027-08-01,89.0,21.12,-0.0609766
2027-08-01,87.24,21.08,0.028733527
2027-08-01,87.25,20.45,-0.10203813
2027-08-01,87.25,20.77,-0.008067792
2027-08-01,87.26,20.13,-0.1726398
2027-08-01,87.68,21.09,0.027793327
2027-08-01,87.69,20.45,-0.118126206
2027-08-01,87.69,20.77,-0.033617985
2027-08-01,87.7,20.13,-0.13991211
2027-08-01,88.11,21.42,-0.0254452
2027-08-01,87.68,21.41,0.046768
2027-08-01,88.13,20.46,-0.1269547
2027-08-01,88.12,21.1,-0.081096195
2027-08-01,88.58,20.15,-0.0017778465
2027-08-01,88.57,20.79,-0.13253115
2027-08-01,88.57,20.47,-0.07139728
2027-08-01,88.99,21.43,-0.04398965
2027-08-01,88.55,21.42,-0.076193415
2027-08-01,88.14,20.14,-0.065083355
2027-08-01,88.13,20.78,-0.11791231
2027-08-01,88.56,21.11,-0.13461223
2027-09-01,89.89,20.5,0.076199666
2027-09-01,89.43,21.44,0.0033217627
2027-09-01,89.44,20.81,0.023230033
2027-09-01,89.44,21.13,0.005605923
2027-09-01,89.45,20.49,0.04215283
2027-09-01,89.46,20.16,0.051989563
2027-09-01,89.86,21.45,0.009620594
2027-09-01,89.87,21.14,0.014046334
2027-09-01,89.88,20.82,0.050650552
2027-09-01,89.9,20.17,0.07336909
2027-09-01,89.02,20.16,0.02798875
2027-09-01,90.31,21.15,0.05350739
2027-09-01,90.32,20.83,0.087280825
2027-09-01,90.33,20.51,0.10508787
2027-09-01,90.34,20.18,0.08783417
2027-09-01,90.73,21.8,0.009213148
2027-09-01,90.74,21.48,0.028799258
2027-09-01,90.75,21.16,0.06832994
2027-09-01,90.76,20.84,0.08791794
2027-09-01,90.77,20.52,0.10190318
2027-09-01,90.3,21.47,0.017275216
2027-09-01,89.01,20.48,0.01219173
2027-09-01,90.78,20.19,0.09306037
2027-09-01,89.0,20.8,-0.010769022
2027-09-01,87.24,21.08,0.030023916
2027-09-01,87.25,20.45,-0.16901805
2027-09-01,87.25,20.77,-0.020632183
2027-09-01,87.26,20.13,-0.2558472
2027-09-01,87.68,21.09,0.005158797
2027-09-01,87.68,21.41,0.040530857
2027-09-01,87.69,20.45,-0.18606721
2027-09-01,87.69,20.77,-0.08001281
2027-09-01,87.7,20.13,-0.15474759
2027-09-01,88.11,21.42,-0.050914753
2027-09-01,89.0,21.12,-0.048642304
2027-09-01,88.13,20.46,-0.14559092
2027-09-01,88.13,20.78,-0.17691417
2027-09-01,88.14,20.14,-0.05701199
2027-09-01,88.55,21.42,-0.097341165
2027-09-01,88.56,21.11,-0.1607366
2027-09-01,88.57,20.47,-0.058045324
2027-09-01,88.57,20.79,-0.14034913
2027-09-01,88.58,20.15,-0.0068663387
2027-09-01,88.99,21.43,-0.045772497
2027-09-01,88.12,21.1,-0.1209286
2027-10-01,89.89,20.5,0.044270255
2027-10-01,89.88,20.82,0.04138231
2027-10-01,89.87,21.14,0.01936864
2027-10-01,89.44,20.81,0.038802054
2027-10-01,89.45,20.49,0.038053893
2027-10-01,89.44,21.13,-0.0016767123
2027-10-01,89.9,20.17,0.04198055
2027-10-01,89.86,21.45,-0.006023837
2027-10-01,90.3,21.47,0.00029403443
2027-10-01,90.34,20.18,0.03234783
2027-10-01,90.32,20.83,0.02667416
2027-10-01,90.33,20.51,0.037633937
2027-10-01,89.43,21.44,-0.032572757
2027-10-01,90.73,21.8,-0.00073200307
2027-10-01,90.74,21.48,0.0014022404
2027-10-01,90.75,21.16,0.0042110533
2027-10-01,90.76,20.84,0.017050615
2027-10-01,90.77,20.52,0.031395342
2027-10-01,90.78,20.19,0.032279767
2027-10-01,90.31,21.15,0.011107288
2027-10-01,89.02,20.16,0.02463417
2027-10-01,89.46,20.16,0.041116923
2027-10-01,89.01,20.48,0.004502356
2027-10-01,89.0,21.12,-0.11325153
2027-10-01,87.24,21.08,0.044300497
2027-10-01,87.25,20.45,-0.09935758
2027-10-01,87.25,20.77,0.020492952
2027-10-01,87.26,20.13,-0.17413595
2027-10-01,87.68,21.09,0.053704284
2027-10-01,87.69,20.45,-0.100472674
2027-10-01,87.69,20.77,-0.0115484055
2027-10-01,87.7,20.13,-0.09460993
2027-10-01,88.11,21.42,-0.013430653
2027-10-01,87.68,21.41,0.061352547
2027-10-01,88.13,20.46,-0.114327334
2027-10-01,88.12,21.1,-0.063240424
2027-10-01,88.99,21.43,-0.08963835
2027-10-01,88.58,20.15,-0.01927368
2027-10-01,88.57,20.79,-0.16836384
2027-10-01,88.57,20.47,-0.09231053
2027-10-01,89.0,20.8,-0.031166056
2027-10-01,88.55,21.42,-0.09593621
2027-10-01,88.14,20.14,-0.06522242
2027-10-01,88.13,20.78,-0.11499416
2027-10-01,88.56,21.11,-0.1627363
2027-11-01,89.89,20.5,0.02291099
2027-11-01,89.43,21.44,-0.06677506
2027-11-01,89.44,20.81,0.004270257
2027-11-01,89.44,21.13,-0.043863352
2027-11-01,89.45,20.49,0.016168075
2027-11-01,89.46,20.16,0.01246811
2027-11-01,89.86,21.45,-0.021876363
2027-11-01,89.87,21.14,-0.0010062123
2027-11-01,89.88,20.82,0.013553383
2027-11-01,89.9,20.17,0.020273045
2027-11-01,89.02,20.16,0.009282099
2027-11-01,90.31,21.15,0.0051363697
2027-11-01,90.32,20.83,0.013496134
2027-11-01,90.33,20.51,0.021714244
2027-11-01,90.34,20.18,0.019482749
2027-11-01,90.73,21.8,-0.002737015
2027-11-01,90.74,21.48,0.005594681
2027-11-01,90.75,21.16,0.0023762549
2027-11-01,90.76,20.84,0.01151106
2027-11-01,90.77,20.52,0.020390773
2027-11-01,90.3,21.47,-0.0018682013
2027-11-01,90.78,20.19,0.02465408
2027-11-01,89.01,20.48,-0.007537182
2027-11-01,89.0,20.8,-0.07978521
2027-11-01,87.24,21.08,0.045846786
2027-11-01,87.25,20.45,-0.050217137
2027-11-01,87.25,20.77,0.0433762
2027-11-01,87.26,20.13,-0.10553411
2027-11-01,87.68,21.09,0.074775256
2027-11-01,87.68,21.41,0.06322875
2027-11-01,87.69,20.45,-0.027380232
2027-11-01,87.69,20.77,0.040608067
2027-11-01,87.7,20.13,-0.025410444
2027-11-01,88.11,21.42,0.0029482844
2027-11-01,89.0,21.12,-0.13287428
2027-11-01,88.13,20.46,-0.09155311
2027-11-01,88.13,20.78,-0.07077046
2027-11-01,88.14,20.14,-0.051900208
2027-11-01,88.55,21.42,-0.07360629
2027-11-01,88.56,21.11,-0.13030098
2027-11-01,88.57,20.47,-0.109503925
2027-11-01,88.57,20.79,-0.1501305
2027-11-01,88.58,20.15,-0.015034986
2027-11-01,88.99,21.43,-0.094200745
2027-11-01,88.12,21.1,-0.027210329
2027-12-01,89.88,20.82,0.011180893
2027-12-01,89.87,21.14,0.0006300914
2027-12-01,89.86,21.45,-0.0055401674
2027-12-01,89.43,21.44,-0.023348171
2027-12-01,89.45,20.49,-0.0008502484
2027-12-01,89.44,21.13,-0.0036589538
2027-12-01,89.44,20.81,0.0024638334
2027-12-01,89.89,20.5,0.025459245
2027-12-01,89.46,20.16,0.0050728885
2027-12-01,89.9,20.17,0.030473363
2027-12-01,90.34,20.18,0.033564456
2027-12-01,90.31,21.15,0.006558186
2027-12-01,90.32,20.83,0.022297846
2027-12-01,90.33,20.51,0.035472345
2027-12-01,90.73,21.8,-0.006209982
2027-12-01,90.74,21.48,-0.002232155
2027-12-01,90.75,21.16,0.004176767
2027-12-01,90.76,20.84,0.020692574
2027-12-01,90.77,20.52,0.03389364
2027-12-01,89.02,20.16,-0.013942111
2027-12-01,90.3,21.47,0.0015049754
2027-12-01,90.78,20.19,0.035140276
2027-12-01,89.01,20.48,-0.0032525067
2027-12-01,89.0,20.8,0.0022805491
2027-12-01,89.0,21.12,-0.05320545
2027-12-01,87.24,21.08,0.025219787
2027-12-01,87.25,20.45,-0.015464383
2027-12-01,87.25,20.77,0.03013724
2027-12-01,87.26,20.13,-0.0845348
2027-12-01,87.68,21.09,0.004277721
2027-12-01,87.69,20.45,-0.10472358
2027-12-01,87.69,20.77,-0.044246282
2027-12-01,87.7,20.13,-0.118546985
2027-12-01,88.11,21.42,-0.045471825
2027-12-01,87.68,21.41,0.032087225
2027-12-01,88.13,20.46,-0.17571114
2027-12-01,88.12,21.1,-0.100496605
2027-12-01,88.58,20.15,-0.06993801
2027-12-01,88.57,20.79,-0.11496104
2027-12-01,88.57,20.47,-0.06863238
2027-12-01,88.99,21.43,-0.08008866
2027-12-01,88.55,21.42,-0.091878675
2027-12-01,88.14,20.14,-0.15496585
2027-12-01,88.13,20.78,-0.15293734
2027-12-01,88.56,21.11,-0.1445525
2028-01-01,89.89,20.5,-0.0059667486
2028-01-01,89.43,21.44,-0.05800525
2028-01-01,89.44,20.81,-0.025791712
2028-01-01,89.44,21.13,-0.058348875
2028-01-01,89.45,20.49,-0.0143495565
2028-01-01,89.46,20.16,-0.027198184
2028-01-01,89.86,21.45,-0.036241047
2028-01-01,89.87,21.14,-0.024977785
2028-01-01,89.88,20.82,-0.010502009
2028-01-01,89.9,20.17,-0.019115806
2028-01-01,89.02,20.16,-0.07083951
2028-01-01,90.31,21.15,-0.030164171
2028-01-01,90.32,20.83,-0.01856095
2028-01-01,90.33,20.51,-0.013775462
2028-01-01,90.34,20.18,-0.018922597
2028-01-01,90.73,21.8,-0.012977449
2028-01-01,90.74,21.48,-0.027365075
2028-01-01,90.75,21.16,-0.041312885
2028-01-01,90.76,20.84,-0.037017625
2028-01-01,90.77,20.52,-0.037151325
2028-01-01,90.3,21.47,-0.020966899
2028-01-01,89.01,20.48,-0.07799234
2028-01-01,90.78,20.19,-0.028168926
2028-01-01,89.0,20.8,-0.09585079
2028-01-01,87.24,21.08,0.010294114
2028-01-01,87.25,20.45,0.026683386
2028-01-01,87.25,20.77,0.028066859
2028-01-01,87.26,20.13,0.0027670476
2028-01-01,87.68,21.09,0.050103415
2028-01-01,87.68,21.41,0.030947844
2028-01-01,87.69,20.45,0.06028109
2028-01-01,87.69,20.77,0.06580992
2028-01-01,87.7,20.13,0.049817517
2028-01-01,88.11,21.42,-0.006309763
2028-01-01,89.0,21.12,-0.1038306
2028-01-01,88.13,20.46,-0.044710025
2028-01-01,88.99,21.43,-0.0837319
2028-01-01,88.58,20.15,-0.12525307
2028-01-01,88.57,20.79,-0.11818771
2028-01-01,88.57,20.47,-0.13488959
2028-01-01,88.12,21.1,-0.0005518389
2028-01-01,88.55,21.42,-0.066229336
2028-01-01,88.14,20.14,-0.05079275
2028-01-01,88.13,20.78,-0.010166622
2028-01-01,88.56,21.11,-0.08900257
2028-02-01,89.9,20.17,-0.038147252
2028-02-01,89.43,21.44,-0.059420563
2028-02-01,89.44,20.81,-0.072202265
2028-02-01,89.44,21.13,-0.055098314
2028-02-01,89.46,20.16,-0.06376863
2028-02-01,89.86,21.45,-0.07235175
2028-02-01,89.87,21.14,-0.08758293
2028-02-01,89.88,20.82,-0.08569292
2028-02-01,89.89,20.5,-0.057830844
2028-02-01,90.3,21.47,-0.06416336
2028-02-01,90.73,21.8,-0.009035772
2028-02-01,90.32,20.83,-0.06652697
2028-02-01,90.33,20.51,-0.037189256
2028-02-01,90.34,20.18,-0.01667617
2028-02-01,89.02,20.16,-0.015833838
2028-02-01,90.74,21.48,-0.04154693
2028-02-01,90.75,21.16,-0.048732672
2028-02-01,90.76,20.84,-0.03750598
2028-02-01,90.77,20.52,-0.034038953
2028-02-01,90.78,20.19,-0.03412314
2028-02-01,90.31,21.15,-0.08368977
2028-02-01,89.01,20.48,-0.013212966
2028-02-01,89.45,20.49,-0.06556776
2028-02-01,89.0,20.8,-0.0109857265
2028-02-01,89.0,21.12,-0.007863248
2028-02-01,87.25,20.45,-0.043520674
2028-02-01,87.25,20.77,-0.02295755
2028-02-01,87.26,20.13,-0.04841375
2028-02-01,87.68,21.09,0.008256117
2028-02-01,87.68,21.41,0.010341802
2028-02-01,87.69,20.45,-0.02768488
2028-02-01,87.69,20.77,0.008954172
2028-02-01,87.7,20.13,-0.030075932
2028-02-01,88.11,21.42,0.01828866
2028-02-01,87.24,21.08,-0.017334536
2028-02-01,88.13,20.46,0.0020620283
2028-02-01,88.12,21.1,0.029818192
2028-02-01,88.58,20.15,0.031757586
2028-02-01,88.57,20.79,0.030384686
2028-02-01,88.57,20.47,0.022870079
2028-02-01,88.99,21.43,-0.030614978
2028-02-01,88.55,21.42,0.005293244
2028-02-01,88.14,20.14,0.0065277396
2028-02-01,88.13,20.78,0.032604035
2028-02-01,88.56,21.11,0.022265976
2028-03-01,89.44,20.81,0.0057925126
2028-03-01,89.89,20.5,-0.026580825
2028-03-01,89.44,21.13,-0.00016465026
2028-03-01,89.45,20.49,0.0014344167
2028-03-01,90.78,20.19,-0.07138107
2028-03-01,89.86,21.45,-0.028183367
2028-03-01,89.87,21.14,-0.029743787
2028-03-01,89.88,20.82,-0.028116414
2028-03-01,89.9,20.17,-0.034027033
2028-03-01,90.34,20.18,-0.06210011
2028-03-01,90.31,21.15,-0.061942447
2028-03-01,90.32,20.83,-0.06955693
2028-03-01,90.33,20.51,-0.06616916
2028-03-01,90.73,21.8,-0.0012894527
2028-03-01,90.74,21.48,-0.043593075
2028-03-01,90.75,21.16,-0.0652166
2028-03-01,90.76,20.84,-0.074940145
2028-03-01,90.77,20.52,-0.07426464
2028-03-01,89.43,21.44,-0.024541456
2028-03-01,90.3,21.47,-0.043835424
2028-03-01,89.02,20.16,-0.021167155
2028-03-01,89.46,20.16,-0.013859726
2028-03-01,89.01,20.48,-0.010986525
2028-03-01,87.24,21.08,-0.013756675
2028-03-01,87.25,20.45,-0.029359775
2028-03-01,87.25,20.77,-0.02166902
2028-03-01,87.26,20.13,-0.031723067
2028-03-01,87.68,21.09,-0.000979447
2028-03-01,87.68,21.41,0.0041016256
2028-03-01,87.69,20.45,-0.022865288
2028-03-01,87.69,20.77,-0.009428879
2028-03-01,87.7,20.13,-0.02092524
2028-03-01,88.11,21.42,-0.004051355
2028-03-01,89.0,21.12,-0.0056138546
2028-03-01,88.13,20.46,-0.02779521
2028-03-01,88.13,20.78,-0.015400471
2028-03-01,88.14,20.14,-0.021442756
2028-03-01,88.55,21.42,-0.019356184
2028-03-01,88.56,21.11,-0.018181348
2028-03-01,88.57,20.47,-0.033838827
2028-03-01,88.57,20.79,-0.02169808
2028-03-01,88.58,20.15,-0.030081963
2028-03-01,88.99,21.43,-0.024607074
2028-03-01,89.0,20.8,-0.0038923903
2028-03-01,88.12,21.1,-0.0064124875
2028-04-01,89.88,20.82,-0.056854796
2028-04-01,89.87,21.14,-0.049277507
2028-04-01,89.86,21.45,-0.031936448
2028-04-01,89.43,21.44,-0.04015261
2028-04-01,89.45,20.49,-0.054696478
2028-04-01,89.44,21.13,-0.049143165
2028-04-01,89.44,20.81,-0.05471669
2028-04-01,89.89,20.5,-0.055282332
2028-04-01,89.46,20.16,-0.05432325
2028-04-01,89.9,20.17,-0.054371014
2028-04-01,90.34,20.18,-0.047947228
2028-04-01,90.31,21.15,-0.04025385
2028-04-01,90.32,20.83,-0.045807224
2028-04-01,90.33,20.51,-0.04603899
2028-04-01,90.73,21.8,-0.0017230945
2028-04-01,90.74,21.48,-0.0171228
2028-04-01,90.75,21.16,-0.02343391
2028-04-01,90.76,20.84,-0.033839494
2028-04-01,90.77,20.52,-0.0423414
2028-04-01,89.02,20.16,-0.043640718
2028-04-01,90.3,21.47,-0.028909542
2028-04-01,90.78,20.19,-0.049829274
2028-04-01,89.0,21.12,-0.04393996
2028-04-01,89.0,20.8,-0.044249367
2028-04-01,89.01,20.48,-0.04273371
2028-04-01,87.24,21.08,-0.021736875
2028-04-01,87.25,20.45,-0.034892946
2028-04-01,87.25,20.77,-0.027209325
2028-04-01,87.26,20.13,-0.0317641
2028-04-01,87.68,21.09,-0.0014075518
2028-04-01,87.69,20.45,-0.022160575
2028-04-01,87.69,20.77,-0.009363252
2028-04-01,87.7,20.13,-0.025576355
2028-04-01,88.11,21.42,-0.011437276
2028-04-01,87.68,21.41,-0.004935757
2028-04-01,88.13,20.46,-0.013965476
2028-04-01,88.12,21.1,-0.00011137105
2028-04-01,88.58,20.15,-0.025138212
2028-04-01,88.57,20.79,-0.019611828
2028-04-01,88.57,20.47,-0.02392725
2028-04-01,88.99,21.43,-0.041377597
2028-04-01,88.55,21.42,-0.030542066
2028-04-01,88.14,20.14,-0.019151554
2028-04-01,88.13,20.78,-0.0015771952
2028-04-01,88.56,21.11,-0.025889048
2028-05-01,89.89,20.5,0.030159907
2028-05-01,89.43,21.44,-0.013860827
2028-05-01,89.44,20.81,0.012048182
2028-05-01,89.44,21.13,-0.002739885
2028-05-01,89.45,20.49,0.02129402
2028-05-01,89.46,20.16,0.013038968
2028-05-01,89.86,21.45,-0.0008968746
2028-05-01,89.87,21.14,0.009277897
2028-05-01,89.88,20.82,0.016068839
2028-05-01,89.9,20.17,0.031745452
2028-05-01,90.78,20.19,0.04515774
2028-05-01,90.31,21.15,0.016112752
2028-05-01,90.32,20.83,0.022113156
2028-05-01,90.33,20.51,0.040330034
2028-05-01,90.34,20.18,0.050240774
2028-05-01,90.73,21.8,0.0024494063
2028-05-01,90.74,21.48,0.0032231016
2028-05-01,90.75,21.16,0.018697374
2028-05-01,90.76,20.84,0.016872922
2028-05-01,90.77,20.52,0.029925257
2028-05-01,90.3,21.47,-0.00043990192
2028-05-01,89.02,20.16,0.005752314
2028-05-01,89.01,20.48,0.004890101
2028-05-01,89.0,20.8,-0.010708764
2028-05-01,87.24,21.08,0.011519001
2028-05-01,87.25,20.45,-0.06291083
2028-05-01,87.25,20.77,-0.015146459
2028-05-01,87.26,20.13,-0.05896728
2028-05-01,87.68,21.09,0.02223978
2028-05-01,87.68,21.41,0.024430478
2028-05-01,87.69,20.45,-0.052084226
2028-05-01,87.69,20.77,-0.011335111
2028-05-01,87.7,20.13,-0.037025962
2028-05-01,88.11,21.42,-0.010052321
2028-05-01,89.0,21.12,-0.037382774
2028-05-01,88.13,20.46,-0.046728536
2028-05-01,88.13,20.78,-0.036770128
2028-05-01,88.14,20.14,-0.018754208
2028-05-01,88.55,21.42,-0.044577003
2028-05-01,88.56,21.11,-0.06260835
2028-05-01,88.57,20.47,-0.029838456
2028-05-01,88.57,20.79,-0.050350193
2028-05-01,88.58,20.15,-0.004104337
2028-05-01,88.99,21.43,-0.03922445
2028-05-01,88.12,21.1,-0.024410734
2028-06-01,89.89,20.5,0.022627996
2028-06-01,89.88,20.82,0.0068980814
2028-06-01,89.87,21.14,-0.0039957254
2028-06-01,89.44,20.81,-0.02696078
2028-06-01,89.45,20.49,-0.025439285
2028-06-01,89.44,21.13,-0.017427383
2028-06-01,89.9,20.17,0.020107148
2028-06-01,89.86,21.45,0.017170424
2028-06-01,90.3,21.47,0.0312838
2028-06-01,90.34,20.18,0.057113104
2028-06-01,90.32,20.83,0.066405065
2028-06-01,90.33,20.51,0.07463352
2028-06-01,89.43,21.44,0.006861731
2028-06-01,90.73,21.8,0.008164202
2028-06-01,90.74,21.48,0.04247247
2028-06-01,90.75,21.16,0.07881691
2028-06-01,90.76,20.84,0.08651145
2028-06-01,90.77,20.52,0.08032832
2028-06-01,90.78,20.19,0.056618754
2028-06-01,90.31,21.15,0.045036092
2028-06-01,89.02,20.16,-0.057463385
2028-06-01,89.46,20.16,-0.029096944
2028-06-01,89.01,20.48,-0.05718776
2028-06-01,89.0,21.12,-0.027629191
2028-06-01,87.24,21.08,-0.023343692
2028-06-01,87.25,20.45,-0.15871447
2028-06-01,87.25,20.77,-0.08176718
2028-06-01,87.26,20.13,-0.20199507
2028-06-01,87.68,21.09,-0.0410717
2028-06-01,87.69,20.45,-0.16150022
2028-06-01,87.69,20.77,-0.09079701
2028-06-01,87.7,20.13,-0.17635375
2028-06-01,88.11,21.42,-0.034797587
2028-06-01,87.68,21.41,-0.010524341
2028-06-01,88.13,20.46,-0.1350799
2028-06-01,88.12,21.1,-0.07369312
2028-06-01,88.99,21.43,-0.0027154216
2028-06-01,88.58,20.15,-0.081387185
2028-06-01,88.57,20.79,-0.0895773
2028-06-01,88.57,20.47,-0.095829144
2028-06-01,89.0,20.8,-0.046301086
2028-06-01,88.55,21.42,-0.035777047
2028-06-01,88.14,20.14,-0.11742233
2028-06-01,88.13,20.78,-0.113599695
2028-06-01,88.56,21.11,-0.06661103
2028-07-01,89.89,20.5,0.014091316
2028-07-01,89.43,21.44,-0.007178011
2028-07-01,89.44,20.81,-0.050927084
2028-07-01,89.44,21.13,-0.055892013
2028-07-01,89.45,20.49,-0.025342735
2028-07-01,89.46,20.16,-0.003804612
2028-07-01,89.86,21.45,-0.009555139
2028-07-01,89.87,21.14,-0.04733306
2028-07-01,89.88,20.82,-0.011808583
2028-07-01,89.9,20.17,0.014784581
2028-07-01,89.02,20.16,-0.022241555
2028-07-01,90.31,21.15,0.04762304
2028-07-01,90.32,20.83,0.085230425
2028-07-01,90.33,20.51,0.0882649
2028-07-01,90.34,20.18,0.054484393
2028-07-01,90.73,21.8,0.0008378236
2028-07-01,90.74,21.48,0.035166934
2028-07-01,90.75,21.16,0.102617316
2028-07-01,90.76,20.84,0.11464681
2028-07-01,90.77,20.52,0.11744409
2028-07-01,90.3,21.47,0.015958034
2028-07-01,90.78,20.19,0.08239953
2028-07-01,89.01,20.48,-0.04969396
2028-07-01,89.0,20.8,-0.06418206
2028-07-01,87.24,21.08,-0.03244375
2028-07-01,87.25,20.45,-0.18013531
2028-07-01,87.25,20.77,-0.09200311
2028-07-01,87.26,20.13,-0.23703545
2028-07-01,87.68,21.09,-0.04286285
2028-07-01,87.68,21.41,-0.0059595006
2028-07-01,87.69,20.45,-0.19182557
2028-07-01,87.69,20.77,-0.10543008
2028-07-01,87.7,20.13,-0.20730469
2028-07-01,88.11,21.42,-0.019825285
2028-07-01,89.0,21.12,-0.057501055
2028-07-01,88.13,20.46,-0.15893766
2028-07-01,88.13,20.78,-0.12741226
2028-07-01,88.14,20.14,-0.12635574
2028-07-01,88.55,21.42,-0.028616615
2028-07-01,88.56,21.11,-0.08397784
2028-07-01,88.57,20.47,-0.10719296
2028-07-01,88.57,20.79,-0.11736603
2028-07-01,88.58,20.15,-0.06384845
2028-07-01,88.99,21.43,-0.0066709775
2028-07-01,88.12,21.1,-0.0766914
2028-08-01,89.88,20.82,0.030646397
2028-08-01,89.87,21.14,0.011777982
2028-08-01,89.86,21.45,0.016506795
2028-08-01,89.43,21.44,0.007760776
2028-08-01,89.45,20.49,0.029556707
2028-08-01,89.44,21.13,0.00183636
2028-08-01,89.44,20.81,0.012937961
2028-08-01,89.89,20.5,0.047028325
2028-08-01,89.46,20.16,0.04947475
2028-08-01,89.9,20.17,0.052890554
2028-08-01,90.34,20.18,0.06708985
2028-08-01,90.31,21.15,0.06943998
2028-08-01,90.32,20.83,0.07834925
2028-08-01,90.33,20.51,0.082857594
2028-08-01,90.73,21.8,0.0123433955
2028-08-01,90.74,21.48,0.046095923
2028-08-01,90.75,21.16,0.0999366
2028-08-01,90.76,20.84,0.10327646
2028-08-01,90.77,20.52,0.10472999
2028-08-01,89.02,20.16,0.043787677
2028-08-01,90.3,21.47,0.02800189
2028-08-01,90.78,20.19,0.080742896
2028-08-01,89.01,20.48,0.016682474
2028-08-01,89.0,20.8,-0.007270383
2028-08-01,89.0,21.12,-0.028089318
2028-08-01,87.24,21.08,0.0138393305
2028-08-01,87.25,20.45,-0.14787056
2028-08-01,87.25,20.77,-0.04013913
2028-08-01,87.26,20.13,-0.21343912
2028-08-01,87.68,21.09,-0.016051924
2028-08-01,87.69,20.45,-0.16801578
2028-08-01,87.69,20.77,-0.08361796
2028-08-01,87.7,20.13,-0.16658534
2028-08-01,88.11,21.42,-0.046741683
2028-08-01,87.68,21.41,0.022588886
2028-08-01,88.13,20.46,-0.1369292
2028-08-01,88.12,21.1,-0.1120223
2028-08-01,88.58,20.15,0.016915126
2028-08-01,88.57,20.79,-0.09896645
2028-08-01,88.57,20.47,-0.039728664
2028-08-01,88.99,21.43,-0.013318242
2028-08-01,88.55,21.42,-0.063227236
2028-08-01,88.14,20.14,-0.04990528
2028-08-01,88.13,20.78,-0.1506811
2028-08-01,88.56,21.11,-0.114746764
2028-09-01,89.89,20.5,0.06788798
2028-09-01,89.43,21.44,-0.018640228
2028-09-01,89.44,20.81,0.020160597
2028-09-01,89.44,21.13,-0.0010661072
2028-09-01,89.45,20.49,0.03912579
2028-09-01,89.46,20.16,0.07373649
2028-09-01,89.86,21.45,-0.0040441086
2028-09-01,89.87,21.14,0.011526021
2028-09-01,89.88,20.82,0.038433816
2028-09-01,90.78,20.19,0.08658925
2028-09-01,89.02,20.16,0.051152173
2028-09-01,90.31,21.15,0.021488026
2028-09-01,90.32,20.83,0.055321198
2028-09-01,90.33,20.51,0.08710641
2028-09-01,90.34,20.18,0.10466561
2028-09-01,90.73,21.8,0.0019997265
2028-09-01,90.74,21.48,0.0031616099
2028-09-01,90.75,21.16,0.021311913
2028-09-01,90.76,20.84,0.044685435
2028-09-01,90.77,20.52,0.07202297
2028-09-01,90.3,21.47,0.001552906
2028-09-01,89.01,20.48,0.0057648243
2028-09-01,89.9,20.17,0.09467271
2028-09-01,89.0,20.8,-0.032204777
2028-09-01,87.24,21.08,0.05008544
2028-09-01,87.25,20.45,-0.10892158
2028-09-01,87.25,20.77,0.027554523
2028-09-01,87.26,20.13,-0.19505711
2028-09-01,87.68,21.09,0.050180975
2028-09-01,87.68,21.41,0.06388394
2028-09-01,87.69,20.45,-0.12596162
2028-09-01,87.69,20.77,-0.023046441
2028-09-01,87.7,20.13,-0.12526001
2028-09-01,88.11,21.42,-0.02162577
2028-09-01,89.0,21.12,-0.08356249
2028-09-01,88.13,20.46,-0.13606094
2028-09-01,88.13,20.78,-0.14031178
2028-09-01,88.14,20.14,-0.0702557
2028-09-01,88.55,21.42,-0.09396119
2028-09-01,88.56,21.11,-0.1642128
2028-09-01,88.57,20.47,-0.0853304
2028-09-01,88.57,20.79,-0.15928365
2028-09-01,88.58,20.15,-0.0009557165
2028-09-01,88.99,21.43,-0.067538716
2028-09-01,88.12,21.1,-0.083433434
2028-10-01,89.89,20.5,0.040923268
2028-10-01,89.88,20.82,0.023648271
2028-10-01,89.87,21.14,0.010014759
2028-10-01,89.44,20.81,0.006265164
2028-10-01,89.46,20.16,0.04221984
2028-10-01,89.45,20.49,0.027325591
2028-10-01,89.44,21.13,-0.029566279
2028-10-01,89.9,20.17,0.044072155
2028-10-01,89.86,21.45,-0.006667084
2028-10-01,90.3,21.47,0.0037158777
2028-10-01,90.73,21.8,0.000117205396
2028-10-01,90.32,20.83,0.032853257
2028-10-01,90.33,20.51,0.048766565
2028-10-01,90.34,20.18,0.04693457
2028-10-01,90.74,21.48,0.0038853877
2028-10-01,90.75,21.16,0.018404925
2028-10-01,90.76,20.84,0.0284897
2028-10-01,90.77,20.52,0.03934292
2028-10-01,90.78,20.19,0.039679725
2028-10-01,89.43,21.44,-0.055270463
2028-10-01,90.31,21.15,0.019355567
2028-10-01,89.02,20.16,0.03721869
2028-10-01,89.01,20.48,-0.0129806865
2028-10-01,89.0,21.12,-0.15254985
2028-10-01,87.25,20.45,-0.087713875
2028-10-01,87.25,20.77,0.032497127
2028-10-01,87.26,20.13,-0.16134627
2028-10-01,87.68,21.09,0.067605354
2028-10-01,87.68,21.41,0.07412845
2028-10-01,87.69,20.45,-0.0966639
2028-10-01,87.69,20.77,-0.0014933075
2028-10-01,87.7,20.13,-0.094790034
2028-10-01,88.11,21.42,-0.012201114
2028-10-01,88.12,21.1,-0.068876304
2028-10-01,87.24,21.08,0.053515952
2028-10-01,88.13,20.78,-0.121887505
2028-10-01,88.14,20.14,-0.06664728
2028-10-01,88.55,21.42,-0.09785577
2028-10-01,88.56,21.11,-0.17764896
2028-10-01,88.57,20.47,-0.12753266
2028-10-01,88.57,20.79,-0.19537741
2028-10-01,88.58,20.15,-0.013308354
2028-10-01,88.99,21.43,-0.09617708
2028-10-01,89.0,20.8,-0.071670145
2028-10-01,88.13,20.46,-0.12917118
2028-11-01,89.89,20.5,0.029898765
2028-11-01,89.88,20.82,0.018559696
2028-11-01,89.87,21.14,0.0084562
2028-11-01,89.44,20.81,0.0042550284
2028-11-01,89.46,20.16,0.028649667
2028-11-01,89.45,20.49,0.015653593
2028-11-01,89.44,21.13,-0.0052900645
2028-11-01,89.9,20.17,0.037476752
2028-11-01,89.86,21.45,-0.00044234702
2028-11-01,90.3,21.47,0.004090897
2028-11-01,90.73,21.8,-0.002605975
2028-11-01,90.32,20.83,0.024824494
2028-11-01,90.33,20.51,0.033245705
2028-11-01,90.34,20.18,0.034840733
2028-11-01,90.74,21.48,0.0028868783
2028-11-01,90.75,21.16,0.012314709
2028-11-01,90.76,20.84,0.027538346
2028-11-01,90.77,20.52,0.034652613
2028-11-01,90.78,20.19,0.03235932
2028-11-01,89.43,21.44,-0.018248435
2028-11-01,90.31,21.15,0.014164467
2028-11-01,89.02,20.16,0.012440979
2028-11-01,89.01,20.48,-0.0033976163
2028-11-01,89.0,21.12,-0.0628871
2028-11-01,87.25,20.45,-0.06274
2028-11-01,87.25,20.77,0.008573982
2028-11-01,87.26,20.13,-0.10977261
2028-11-01,87.68,21.09,0.009066572
2028-11-01,87.68,21.41,0.034944367
2028-11-01,87.69,20.45,-0.11440473
2028-11-01,87.69,20.77,-0.047977783
2028-11-01,87.7,20.13,-0.06863608
2028-11-01,88.11,21.42,-0.04203817
2028-11-01,88.12,21.1,-0.08986369
2028-11-01,87.24,21.08,0.0264779
2028-11-01,88.13,20.78,-0.13503112
2028-11-01,88.14,20.14,-0.07472933
2028-11-01,88.55,21.42,-0.09169938
2028-11-01,88.56,21.11,-0.14385669
2028-11-01,88.57,20.47,-0.049768306
2028-11-01,88.57,20.79,-0.11026365
2028-11-01,88.58,20.15,-0.015540756
2028-11-01,88.99,21.43,-0.07599252
2028-11-01,89.0,20.8,-0.019204428
2028-11-01,88.13,20.46,-0.12765683
2028-12-01,89.89,20.5,-0.01736938
2028-12-01,89.88,20.82,-0.015117673
2028-12-01,89.87,21.14,-0.011494692
2028-12-01,89.44,20.81,-0.033767328
2028-12-01,89.46,20.16,-0.036455438
2028-12-01,89.45,20.49,-0.037034772
2028-12-01,89.44,21.13,-0.04712234
2028-12-01,89.9,20.17,-0.018842027
2028-12-01,89.86,21.45,-0.017651388
2028-12-01,90.3,21.47,-0.0015554549
2028-12-01,90.73,21.8,-0.005060773
2028-12-01,90.32,20.83,-0.00605033
2028-12-01,90.33,20.51,-0.005023062
2028-12-01,90.34,20.18,-0.0062432783
2028-12-01,90.74,21.48,-0.0017398047
2028-12-01,90.75,21.16,-0.007988882
2028-12-01,90.76,20.84,-0.007670507
2028-12-01,90.77,20.52,-0.0029429074
2028-12-01,90.78,20.19,-0.00500395
2028-12-01,89.43,21.44,-0.05315355
2028-12-01,90.31,21.15,-0.001167779
2028-12-01,89.02,20.16,-0.039585896
2028-12-01,89.01,20.48,-0.064938985
2028-12-01,89.0,21.12,-0.1244685
2028-12-01,87.25,20.45,-0.08622218
2028-12-01,87.25,20.77,-0.016463475
2028-12-01,87.26,20.13,-0.08612118
2028-12-01,87.68,21.09,0.051676825
2028-12-01,87.68,21.41,0.039609037
2028-12-01,87.69,20.45,-0.010949432
2028-12-01,87.69,20.77,0.029412197
2028-12-01,87.7,20.13,0.044830475
2028-12-01,88.11,21.42,-0.006644364
2028-12-01,88.12,21.1,-0.0041801035
2028-12-01,87.24,21.08,0.014740898
2028-12-01,88.13,20.78,0.007972436
2028-12-01,88.14,20.14,0.03440394
2028-12-01,88.55,21.42,-0.076615095
2028-12-01,88.56,21.11,-0.10431216
2028-12-01,88.57,20.47,-0.058134913
2028-12-01,88.57,20.79,-0.08929033
2028-12-01,88.58,20.15,-0.020853058
2028-12-01,88.99,21.43,-0.09400603
2028-12-01,89.0,20.8,-0.09953695
2028-12-01,88.13,20.46,0.013943323
2029-01-01,89.89,20.5,-0.040871676
2029-01-01,89.88,20.82,-0.043506503
2029-01-01,89.87,21.14,-0.05813797
2029-01-01,89.44,20.81,-0.043096796
2029-01-01,89.46,20.16,-0.009160947
2029-01-01,89.45,20.49,-0.013997259
2029-01-01,89.44,21.13,-0.06325874
2029-01-01,89.9,20.17,-0.033746894
2029-01-01,89.86,21.45,-0.062130757
2029-01-01,90.3,21.47,-0.019530995
2029-01-01,90.73,21.8,-0.0055632247
2029-01-01,90.32,20.83,-0.029036283
2029-01-01,90.33,20.51,-0.037479535
2029-01-01,90.34,20.18,-0.03477642
2029-01-01,90.74,21.48,-0.005500324
2029-01-01,90.75,21.16,-0.009509508
2029-01-01,90.76,20.84,-0.014665327
2029-01-01,90.77,20.52,-0.018700762
2029-01-01,90.78,20.19,-0.024167249
2029-01-01,89.43,21.44,-0.07085978
2029-01-01,90.31,21.15,-0.020383056
2029-01-01,89.02,20.16,0.011832977
2029-01-01,89.01,20.48,0.014221919
2029-01-01,89.0,21.12,-0.050038762
2029-01-01,87.25,20.45,-0.063637815
2029-01-01,87.25,20.77,-0.025669752
2029-01-01,87.26,20.13,-0.064506605
2029-01-01,87.68,21.09,0.02514905
2029-01-01,87.68,21.41,0.025829276
2029-01-01,87.69,20.45,-0.05718302
2029-01-01,87.69,20.77,-0.011650441
2029-01-01,87.7,20.13,-0.034348525
2029-01-01,88.11,21.42,0.008177092
2029-01-01,88.12,21.1,0.0016928724
2029-01-01,87.24,21.08,0.001692497
2029-01-01,88.13,20.78,-0.00837829
2029-01-01,88.14,20.14,0.012312628
2029-01-01,88.55,21.42,-0.035007916
2029-01-01,88.56,21.11,-0.03523084
2029-01-01,88.57,20.47,-0.0036284348
2029-01-01,88.57,20.79,-0.021751372
2029-01-01,88.58,20.15,0.013301945
2029-01-01,88.99,21.43,-0.059425987
2029-01-01,89.0,20.8,-0.015617327
2029-01-01,88.13,20.46,-0.024450485
2029-02-01,89.89,20.5,-0.024244793
2029-02-01,89.88,20.82,-0.03127873
2029-02-01,89.87,21.14,-0.036140572
2029-02-01,89.44,20.81,-0.018581104
2029-02-01,89.46,20.16,-0.027784375
2029-02-01,89.45,20.49,-0.017732657
2029-02-01,89.44,21.13,-0.022441834
2029-02-01,89.9,20.17,-0.023496548
2029-02-01,89.86,21.45,-0.042274218
2029-02-01,90.3,21.47,-0.04668956
2029-02-01,90.73,21.8,-0.00786856
2029-02-01,90.32,20.83,-0.055480495
2029-02-01,90.33,20.51,-0.044823833
2029-02-01,90.34,20.18,-0.032784775
2029-02-01,90.74,21.48,-0.038015734
2029-02-01,90.75,21.16,-0.060511224
2029-02-01,90.76,20.84,-0.062746964
2029-02-01,90.77,20.52,-0.061281007
2029-02-01,90.78,20.19,-0.053155627
2029-02-01,89.43,21.44,-0.03922451
2029-02-01,90.31,21.15,-0.06058954
2029-02-01,89.02,20.16,-0.032219987
2029-02-01,89.01,20.48,-0.02979575
2029-02-01,89.0,21.12,-0.030625971
2029-02-01,87.25,20.45,-0.0061369524
2029-02-01,87.25,20.77,-0.0066758017
2029-02-01,87.26,20.13,-0.0024783602
2029-02-01,87.68,21.09,0.02055659
2029-02-01,87.68,21.41,0.015111411
2029-02-01,87.69,20.45,-0.0017057713
2029-02-01,87.69,20.77,0.010950866
2029-02-01,87.7,20.13,-0.004882194
2029-02-01,88.11,21.42,0.004822134
2029-02-01,88.12,21.1,0.011118528
2029-02-01,87.24,21.08,-0.0055814646
2029-02-01,88.13,20.78,0.005672852
2029-02-01,88.14,20.14,-0.0051977355
2029-02-01,88.55,21.42,-0.029684568
2029-02-01,88.56,21.11,-0.022184113
2029-02-01,88.57,20.47,-0.028927796
2029-02-01,88.57,20.79,-0.025343528
2029-02-01,88.58,20.15,-0.020941865
2029-02-01,88.99,21.43,-0.042820092
2029-02-01,89.0,20.8,-0.034046967
2029-02-01,88.13,20.46,-0.013459088
2029-03-01,89.89,20.5,-0.039219856
2029-03-01,89.88,20.82,-0.03687531
2029-03-01,89.87,21.14,-0.030592108
2029-03-01,89.44,20.81,-0.033768144
2029-03-01,89.46,20.16,-0.026270635
2029-03-01,89.45,20.49,-0.03008412
2029-03-01,89.44,21.13,-0.033740766
2029-03-01,89.9,20.17,-0.04153333
2029-03-01,89.86,21.45,-0.025249036
2029-03-01,90.3,21.47,-0.02219668
2029-03-01,90.73,21.8,-0.0010801821
2029-03-01,90.32,20.83,-0.028285783
2029-03-01,90.33,20.51,-0.03181638
2029-03-01,90.34,20.18,-0.037980724
2029-03-01,90.74,21.48,-0.017748175
2029-03-01,90.75,21.16,-0.021912962
2029-03-01,90.76,20.84,-0.027427811
2029-03-01,90.77,20.52,-0.02826062
2029-03-01,90.78,20.19,-0.030360667
2029-03-01,89.43,21.44,-0.037914068
2029-03-01,90.31,21.15,-0.024130905
2029-03-01,89.02,20.16,-0.0049423794
2029-03-01,89.01,20.48,-0.012880234
2029-03-01,89.0,21.12,-0.029616516
2029-03-01,87.25,20.45,-0.027109304
2029-03-01,87.25,20.77,-0.021456022
2029-03-01,87.26,20.13,-0.021302992
2029-03-01,87.68,21.09,0.008241885
2029-03-01,87.68,21.41,0.009065475
2029-03-01,87.69,20.45,-0.007771551
2029-03-01,87.69,20.77,0.005498637
2029-03-01,87.7,20.13,-0.0075626196
2029-03-01,88.11,21.42,-0.0007010859
2029-03-01,88.12,21.1,0.009748538
2029-03-01,87.24,21.08,-0.014034215
2029-03-01,88.13,20.78,0.0141969705
2029-03-01,88.14,20.14,0.0028290516
2029-03-01,88.55,21.42,-0.025023231
2029-03-01,88.56,21.11,-0.013271523
2029-03-01,88.57,20.47,-0.00023096032
2029-03-01,88.57,20.79,-0.0014749288
2029-03-01,88.58,20.15,0.0055495915
2029-03-01,88.99,21.43,-0.04123013
2029-03-01,89.0,20.8,-0.020386036
2029-03-01,88.13,20.46,0.0022873022
2029-04-01,89.89,20.5,-0.03878676
2029-04-01,89.88,20.82,-0.044290528
2029-04-01,89.87,21.14,-0.03974511
2029-04-01,89.44,20.81,-0.037569303
2029-04-01,89.46,20.16,-0.021226417
2029-04-01,89.45,20.49,-0.02756526
2029-04-01,89.44,21.13,-0.038351733
2029-04-01,89.9,20.17,-0.029406345
2029-04-01,89.86,21.45,-0.026330346
2029-04-01,90.3,21.47,-0.019608796
2029-04-01,90.73,21.8,-0.00014301256
2029-04-01,90.32,20.83,-0.035381235
2029-04-01,90.33,20.51,-0.03818318
2029-04-01,90.34,20.18,-0.03711101
2029-04-01,90.74,21.48,-0.007302864
2029-04-01,90.75,21.16,-0.008006911
2029-04-01,90.76,20.84,-0.019044194
2029-04-01,90.77,20.52,-0.027703134
2029-04-01,90.78,20.19,-0.034012437
2029-04-01,89.43,21.44,-0.035258133
2029-04-01,90.31,21.15,-0.027385492
2029-04-01,89.02,20.16,-0.021350784
2029-04-01,89.01,20.48,-0.023102976
2029-04-01,89.0,21.12,-0.038339447
2029-04-01,87.25,20.45,-0.040690333
2029-04-01,87.25,20.77,-0.02245953
2029-04-01,87.26,20.13,-0.045124058
2029-04-01,87.68,21.09,0.008418591
2029-04-01,87.68,21.41,0.008688057
2029-04-01,87.69,20.45,-0.02834803
2029-04-01,87.69,20.77,-0.0032151833
2029-04-01,87.7,20.13,-0.03704154
2029-04-01,88.11,21.42,-0.005516817
2029-04-01,88.12,21.1,-0.0017525239
2029-04-01,87.24,21.08,-0.011317517
2029-04-01,88.13,20.78,-0.0030437536
2029-04-01,88.14,20.14,-0.024393402
2029-04-01,88.55,21.42,-0.030170191
2029-04-01,88.56,21.11,-0.029629566
2029-04-01,88.57,20.47,-0.021842463
2029-04-01,88.57,20.79,-0.021348717
2029-04-01,88.58,20.15,-0.021909757
2029-04-01,88.99,21.43,-0.04125494
2029-04-01,89.0,20.8,-0.032399394
2029-04-01,88.13,20.46,-0.01883765
2029-05-01,89.89,20.5,-0.0022939018
2029-05-01,89.88,20.82,-0.019253792
2029-05-01,89.87,21.14,-0.024895089
2029-05-01,89.44,20.81,-0.024795994
2029-05-01,89.46,20.16,0.012092544
2029-05-01,89.45,20.49,-0.0021571012
2029-05-01,89.44,21.13,-0.039451968
2029-05-01,90.78,20.19,0.018112682
2029-05-01,89.86,21.45,-0.018191645
2029-05-01,89.9,20.17,0.011629654
2029-05-01,90.34,20.18,0.018210534
2029-05-01,90.31,21.15,0.005200628
2029-05-01,90.32,20.83,0.005489159
2029-05-01,90.33,20.51,0.011751005
2029-05-01,90.73,21.8,0.0064861435
2029-05-01,90.74,21.48,0.0129482495
2029-05-01,90.75,21.16,0.028072307
2029-05-01,90.76,20.84,0.019646054
2029-05-01,90.77,20.52,0.017733466
2029-05-01,89.43,21.44,-0.03705504
2029-05-01,90.3,21.47,-0.004339146
2029-05-01,89.02,20.16,0.020074753
2029-05-01,88.13,20.46,0.014179072
2029-05-01,89.0,21.12,-0.035432417
2029-05-01,87.24,21.08,-0.016395023
2029-05-01,87.25,20.45,-0.043921914
2029-05-01,87.25,20.77,-0.031807322
2029-05-01,87.26,20.13,-0.038426943
2029-05-01,87.68,21.09,0.008038479
2029-05-01,87.68,21.41,0.0040835105
2029-05-01,87.69,20.45,-0.010293397
2029-05-01,87.69,20.77,0.0029700699
2029-05-01,87.7,20.13,-0.005981904
2029-05-01,88.11,21.42,0.0010747286
2029-05-01,89.01,20.48,0.0060204677
2029-05-01,88.13,20.78,0.019228889
2029-05-01,88.14,20.14,0.020438997
2029-05-01,88.55,21.42,-0.02087375
2029-05-01,88.56,21.11,-0.014587051
2029-05-01,88.57,20.47,0.014764352
2029-05-01,88.57,20.79,0.0044962126
2029-05-01,88.58,20.15,0.026840217
2029-05-01,88.99,21.43,-0.036330365
2029-05-01,89.0,20.8,-0.014032496
2029-05-01,88.12,21.1,0.012083678
2029-06-01,89.89,20.5,0.22564271
2029-06-01,89.88,20.82,0.14086287
2029-06-01,89.87,21.14,0.09165816
2029-06-01,89.44,20.81,0.03716658
2029-06-01,89.46,20.16,0.16335021
2029-06-01,89.45,20.49,0.11086536
2029-06-01,89.44,21.13,0.04747987
2029-06-01,89.9,20.17,0.2473052
2029-06-01,89.86,21.45,0.05395674
2029-06-01,90.3,21.47,0.087614805
2029-06-01,90.73,21.8,0.046458308
2029-06-01,90.32,20.83,0.27302477
2029-06-01,90.33,20.51,0.30496985
2029-06-01,90.34,20.18,0.29460135
2029-06-01,90.74,21.48,0.12175378
2029-06-01,90.75,21.16,0.22620773
2029-06-01,90.76,20.84,0.27323675
2029-06-01,90.77,20.52,0.28130713
2029-06-01,90.78,20.19,0.28610322
2029-06-01,89.43,21.44,0.025022963
2029-06-01,90.31,21.15,0.2158232
2029-06-01,89.02,20.16,0.08866048
2029-06-01,89.01,20.48,0.037021525
2029-06-01,89.0,21.12,-0.010082465
2029-06-01,87.25,20.45,-0.31308767
2029-06-01,87.25,20.77,-0.18383081
2029-06-01,87.26,20.13,-0.42110234
2029-06-01,87.68,21.09,-0.08525765
2029-06-01,87.68,21.41,-0.031943366
2029-06-01,87.69,20.45,-0.27187297
2029-06-01,87.69,20.77,-0.13247682
2029-06-01,87.7,20.13,-0.31543916
2029-06-01,88.11,21.42,-0.0071698893
2029-06-01,88.12,21.1,-0.06945397
2029-06-01,87.24,21.08,-0.0595335
2029-06-01,88.13,20.78,-0.081781186
2029-06-01,88.14,20.14,-0.09861965
2029-06-01,88.55,21.42,0.010641528
2029-06-01,88.56,21.11,-0.034876104
2029-06-01,88.57,20.47,-0.037893914
2029-06-01,88.57,20.79,-0.0125936065
2029-06-01,88.58,20.15,0.007113027
2029-06-01,88.99,21.43,0.028157696
2029-06-01,89.0,20.8,0.02475439
2029-06-01,88.13,20.46,-0.14652717
2029-07-01,89.89,20.5,0.05337186
2029-07-01,89.88,20.82,0.009712334
2029-07-01,89.87,21.14,-0.029393828
2029-07-01,89.44,20.81,-0.004380977
2029-07-01,89.46,20.16,0.074945375
2029-07-01,89.45,20.49,0.043171097
2029-07-01,89.44,21.13,-0.023196047
2029-07-01,89.9,20.17,0.074059576
2029-07-01,89.86,21.45,-0.0056725587
2029-07-01,90.3,21.47,0.004137939
2029-07-01,90.73,21.8,0.007960464
2029-07-01,90.32,20.83,0.035470705
2029-07-01,90.33,20.51,0.05675242
2029-07-01,90.34,20.18,0.069074295
2029-07-01,90.74,21.48,0.014380967
2029-07-01,90.75,21.16,0.029087989
2029-07-01,90.76,20.84,0.037113763
2029-07-01,90.77,20.52,0.046785425
2029-07-01,90.78,20.19,0.05546889
2029-07-01,89.43,21.44,-0.0033577948
2029-07-01,90.31,21.15,0.002238896
2029-07-01,89.02,20.16,0.048632022
2029-07-01,89.01,20.48,0.013724732
2029-07-01,89.0,21.12,-0.0275918
2029-07-01,87.25,20.45,-0.10954697
2029-07-01,87.25,20.77,-0.025890782
2029-07-01,87.26,20.13,-0.2198151
2029-07-01,87.68,21.09,-0.0016763131
2029-07-01,87.68,21.41,0.021399092
2029-07-01,87.69,20.45,-0.15023603
2029-07-01,87.69,20.77,-0.053258583
2029-07-01,87.7,20.13,-0.195905
2029-07-01,88.11,21.42,-0.011250415
2029-07-01,88.12,21.1,-0.051099937
2029-07-01,87.24,21.08,0.0040312074
2029-07-01,88.13,20.78,-0.097008996
2029-07-01,88.14,20.14,-0.084906414
2029-07-01,88.55,21.42,-0.029706681
2029-07-01,88.56,21.11,-0.06531339
2029-07-01,88.57,20.47,-0.057468314
2029-07-01,88.57,20.79,-0.07959215
2029-07-01,88.58,20.15,-0.008315418
2029-07-01,88.99,21.43,-0.009027363
2029-07-01,89.0,20.8,-0.017665086
2029-07-01,88.13,20.46,-0.12683733
2029-08-01,89.89,20.5,0.034740463
2029-08-01,89.88,20.82,0.011317245
2029-08-01,89.87,21.14,-0.0031062588
2029-08-01,89.44,20.81,0.016422253
2029-08-01,89.46,20.16,0.042732347
2029-08-01,89.45,20.49,0.038837433
2029-08-01,89.44,21.13,0.0012804467
2029-08-01,89.9,20.17,0.037451446
2029-08-01,89.86,21.45,0.0054048346
2029-08-01,90.3,21.47,0.0059253457
2029-08-01,90.73,21.8,0.011399936
2029-08-01,90.32,20.83,0.021647574
2029-08-01,90.33,20.51,0.039265286
2029-08-01,90.34,20.18,0.038465504
2029-08-01,90.74,21.48,0.016336234
2029-08-01,90.75,21.16,0.028981596
2029-08-01,90.76,20.84,0.034044858
2029-08-01,90.77,20.52,0.047445852
2029-08-01,90.78,20.19,0.048478086
2029-08-01,89.43,21.44,-0.0012298519
2029-08-01,90.31,21.15,0.00788347
2029-08-01,89.02,20.16,0.043474797
2029-08-01,89.01,20.48,0.024274573
2029-08-01,89.0,21.12,-0.04899505
2029-08-01,87.25,20.45,-0.09689446
2029-08-01,87.25,20.77,-0.002225875
2029-08-01,87.26,20.13,-0.18202254
2029-08-01,87.68,21.09,0.024308132
2029-08-01,87.68,21.41,0.040127046
2029-08-01,87.69,20.45,-0.12197209
2029-08-01,87.69,20.77,-0.03364234
2029-08-01,87.7,20.13,-0.14712825
2029-08-01,88.11,21.42,-0.02381071
2029-08-01,88.12,21.1,-0.06945913
2029-08-01,87.24,21.08,0.02698083
2029-08-01,88.13,20.78,-0.106661096
2029-08-01,88.14,20.14,-0.05056481
2029-08-01,88.55,21.42,-0.06666411
2029-08-01,88.56,21.11,-0.1127374
2029-08-01,88.57,20.47,-0.04564863
2029-08-01,88.57,20.79,-0.11400372
2029-08-01,88.58,20.15,0.017015005
2029-08-01,88.99,21.43,-0.036432058
2029-08-01,89.0,20.8,-0.014829941
2029-08-01,88.13,20.46,-0.11928874
2029-09-01,89.89,20.5,0.070016116
2029-09-01,89.88,20.82,0.03976069
2029-09-01,89.87,21.14,0.00980031
2029-09-01,89.44,20.81,0.019794222
2029-09-01,89.46,20.16,0.071151204
2029-09-01,89.45,20.49,0.043184936
2029-09-01,89.44,21.13,0.0047363285
2029-09-01,90.78,20.19,0.101584926
2029-09-01,89.86,21.45,0.012032459
2029-09-01,89.9,20.17,0.08743406
2029-09-01,90.34,20.18,0.09622724
2029-09-01,90.31,21.15,0.046679635
2029-09-01,90.32,20.83,0.0759893
2029-09-01,90.33,20.51,0.09287938
2029-09-01,90.73,21.8,0.011480931
2029-09-01,90.74,21.48,0.033475313
2029-09-01,90.75,21.16,0.07598028
2029-09-01,90.76,20.84,0.09642849
2029-09-01,90.77,20.52,0.10218157
2029-09-01,89.43,21.44,0.003485734
2029-09-01,90.3,21.47,0.0182339
2029-09-01,89.02,20.16,0.044149663
2029-09-01,88.13,20.46,-0.15955243
2029-09-01,89.0,21.12,-0.058845773
2029-09-01,87.24,21.08,0.047192704
2029-09-01,87.25,20.45,-0.16852582
2029-09-01,87.25,20.77,0.0019033919
2029-09-01,87.26,20.13,-0.27054083
2029-09-01,87.68,21.09,0.01730831
2029-09-01,87.68,21.41,0.052287586
2029-09-01,87.69,20.45,-0.19409685
2029-09-01,87.69,20.77,-0.07804802
2029-09-01,87.7,20.13,-0.1577347
2029-09-01,88.11,21.42,-0.047199197
2029-09-01,89.01,20.48,0.014763417
2029-09-01,88.13,20.78,-0.19154637
2029-09-01,88.14,20.14,-0.06389819
2029-09-01,88.55,21.42,-0.10400876
2029-09-01,88.56,21.11,-0.17867987
2029-09-01,88.57,20.47,-0.062640086
2029-09-01,88.57,20.79,-0.15182345
2029-09-01,88.58,20.15,-0.0020197001
2029-09-01,88.99,21.43,-0.049439732
2029-09-01,89.0,20.8,-0.010582577
2029-09-01,88.12,21.1,-0.1254097
2029-10-01,89.89,20.5,0.03591694
2029-10-01,89.88,20.82,0.023447547
2029-10-01,89.87,21.14,0.0068910653
2029-10-01,89.44,20.81,0.011766067
2029-10-01,89.46,20.16,0.038245432
2029-10-01,89.45,20.49,0.027622193
2029-10-01,89.44,21.13,-0.012284719
2029-10-01,89.9,20.17,0.039530512
2029-10-01,89.86,21.45,-0.005520457
2029-10-01,90.3,21.47,0.0026936745
2029-10-01,90.73,21.8,0.00015057407
2029-10-01,90.32,20.83,0.031756677
2029-10-01,90.33,20.51,0.03785539
2029-10-01,90.34,20.18,0.0333576
2029-10-01,90.74,21.48,0.0034531197
2029-10-01,90.75,21.16,0.022681532
2029-10-01,90.76,20.84,0.033087444
2029-10-01,90.77,20.52,0.034384154
2029-10-01,90.78,20.19,0.030133333
2029-10-01,89.43,21.44,-0.028854884
2029-10-01,90.31,21.15,0.020822775
2029-10-01,89.02,20.16,0.030779958
2029-10-01,89.01,20.48,0.002504434
2029-10-01,89.0,21.12,-0.115813024
2029-10-01,87.25,20.45,-0.112598695
2029-10-01,87.25,20.77,0.015435086
2029-10-01,87.26,20.13,-0.1911696
2029-10-01,87.68,21.09,0.044885077
2029-10-01,87.68,21.41,0.061821833
2029-10-01,87.69,20.45,-0.13020402
2029-10-01,87.69,20.77,-0.03160614
2029-10-01,87.7,20.13,-0.1078111
2029-10-01,88.11,21.42,-0.029144814
2029-10-01,88.12,21.1,-0.08895194
2029-10-01,87.24,21.08,0.04389765
2029-10-01,88.13,20.78,-0.151026
2029-10-01,88.14,20.14,-0.076260254
2029-10-01,88.55,21.42,-0.10833486
2029-10-01,88.56,21.11,-0.1826497
2029-10-01,88.57,20.47,-0.105615005
2029-10-01,88.57,20.79,-0.19037151
2029-10-01,88.58,20.15,-0.022745252
2029-10-01,88.99,21.43,-0.0927069
2029-10-01,89.0,20.8,-0.04976191
2029-10-01,88.13,20.46,-0.142398
2029-11-01,89.89,20.5,0.03526502
2029-11-01,89.88,20.82,0.024169791
2029-11-01,89.87,21.14,0.013312537
2029-11-01,89.44,20.81,0.0051088934
2029-11-01,89.46,20.16,0.02321855
2029-11-01,89.45,20.49,0.017237775
2029-11-01,89.44,21.13,-0.0006697104
2029-11-01,90.78,20.19,0.024846703
2029-11-01,89.86,21.45,-2.6797861e-05
2029-11-01,89.9,20.17,0.035467844
2029-11-01,90.34,20.18,0.033448976
2029-11-01,90.31,21.15,0.026982363
2029-11-01,90.32,20.83,0.036153518
2029-11-01,90.33,20.51,0.03845357
2029-11-01,90.73,21.8,-0.0024838326
2029-11-01,90.74,21.48,0.008210862
2029-11-01,90.75,21.16,0.01907456
2029-11-01,90.76,20.84,0.03368277
2029-11-01,90.77,20.52,0.03513772
2029-11-01,89.43,21.44,-0.011627642
2029-11-01,90.3,21.47,0.009766263
2029-11-01,89.02,20.16,0.007862967
2029-11-01,88.13,20.46,-0.13554427
2029-11-01,89.0,21.12,-0.039874513
2029-11-01,89.01,20.48,0.0016082161
2029-11-01,87.24,21.08,0.024918351
2029-11-01,87.25,20.45,-0.08786006
2029-11-01,87.25,20.77,0.0018124226
2029-11-01,87.26,20.13,-0.13699585
2029-11-01,87.68,21.09,-0.0060695414
2029-11-01,87.69,20.45,-0.12479422
2029-11-01,87.69,20.77,-0.06303285
2029-11-01,87.7,20.13,-0.06741336
2029-11-01,88.11,21.42,-0.051503778
2029-11-01,87.68,21.41,0.02360257
2029-11-01,88.13,20.78,-0.15828209
2029-11-01,88.14,20.14,-0.0802662
2029-11-01,88.55,21.42,-0.09072682
2029-11-01,89.0,20.8,-0.009351307
2029-11-01,88.56,21.11,-0.13763215
2029-11-01,88.57,20.47,-0.058260858
2029-11-01,88.57,20.79,-0.10700146
2029-11-01,88.58,20.15,-0.028788213
2029-11-01,88.99,21.43,-0.05436944
2029-11-01,88.12,21.1,-0.10585159
2029-12-01,89.87,21.14,0.010143536
2029-12-01,89.86,21.45,0.0072815656
2029-12-01,89.46,20.16,0.014143855
2029-12-01,89.43,21.44,0.00283869
2029-12-01,89.44,21.13,0.0023628387
2029-12-01,89.44,20.81,-0.006352395
2029-12-01,89.88,20.82,0.018564109
2029-12-01,89.45,20.49,0.0062662903
2029-12-01,89.89,20.5,0.03328192
2029-12-01,90.76,20.84,0.037360605
2029-12-01,90.3,21.47,0.012582903
2029-12-01,90.31,21.15,0.029159658
2029-12-01,90.32,20.83,0.040083688
2029-12-01,90.33,20.51,0.0436117
2029-12-01,90.34,20.18,0.037747193
2029-12-01,90.73,21.8,-0.006933337
2029-12-01,90.74,21.48,0.0058610584
2029-12-01,90.75,21.16,0.024635153
2029-12-01,89.02,20.16,-0.0051981886
2029-12-01,89.9,20.17,0.03376825
2029-12-01,89.01,20.48,-0.007702312
2029-12-01,88.13,20.46,-0.111020535
2029-12-01,89.0,20.8,-0.0022224514
2029-12-01,90.77,20.52,0.040159512
2029-12-01,87.24,21.08,-0.010604077
2029-12-01,87.25,20.45,-0.107950106
2029-12-01,87.25,20.77,-0.041480154
2029-12-01,87.26,20.13,-0.12920827
2029-12-01,87.68,21.09,-0.061047602
2029-12-01,87.68,21.41,-0.014299886
2029-12-01,87.69,20.45,-0.14045791
2029-12-01,87.69,20.77,-0.10195884
2029-12-01,89.0,21.12,-0.002832768
2029-12-01,87.7,20.13,-0.09748217
2029-12-01,88.12,21.1,-0.1117014
2029-12-01,88.13,20.78,-0.11871364
2029-12-01,88.14,20.14,-0.092327714
2029-12-01,88.55,21.42,-0.053599514
2029-12-01,88.56,21.11,-0.05826257
2029-12-01,88.57,20.47,-0.050146278
2029-12-01,88.57,20.79,-0.046027523
2029-12-01,88.58,20.15,-0.045991883
2029-12-01,88.99,21.43,-0.00852587
2029-12-01,88.11,21.42,-0.067603655
2029-12-01,90.78,20.19,0.033494636
