time,latitude,longitude,kd
2023-11-01,20.0,87.0,0.068661086
2023-11-01,21.5,88.75,0.08592089
2023-11-01,20.25,89.5,0.05547204
2023-11-01,21.5,88.5,0.118785515
2023-11-01,22.5,90.75,0.3794535
2023-11-01,20.25,89.75,0.056054734
2023-11-01,21.5,88.25,0.13556917
2023-11-01,20.25,90.0,0.057641603
2023-11-01,20.25,90.25,0.057848487
2023-11-01,21.5,88.0,0.13382603
2023-11-01,20.25,90.5,0.050114587
2023-11-01,21.5,87.75,0.12905668
2023-11-01,22.0,90.5,0.30449957
2023-11-01,20.25,89.25,0.05147802
2023-11-01,20.25,90.75,0.04552355
2023-11-01,20.25,91.0,0.045073
2023-11-01,20.5,87.0,0.076241545
2023-11-01,21.5,87.25,0.06830935
2023-11-01,20.5,87.25,0.05581015
2023-11-01,21.25,91.0,0.1580009
2023-11-01,20.5,87.5,0.05388404
2023-11-01,20.5,87.75,0.056257967
2023-11-01,21.25,90.75,0.14364085
2023-11-01,20.5,88.0,0.062093407
2023-11-01,20.5,88.25,0.057335205
2023-11-01,21.25,90.5,0.12871395
2023-11-01,20.5,88.5,0.057297517
2023-11-01,21.5,87.5,0.09061437
2023-11-01,21.25,90.25,0.13980411
2023-11-01,20.25,89.0,0.04817916
2023-11-01,20.25,88.75,0.047415067
2023-11-01,21.75,88.0,0.119265124
2023-11-01,21.75,91.0,0.3728481
2023-11-01,20.0,89.5,0.049098164
2023-11-01,21.75,87.75,0.14212936
2023-11-01,20.0,89.75,0.05244137
2023-11-01,20.0,90.0,0.05337516
2023-11-01,21.5,91.0,0.27868035
2023-11-01,22.5,91.0,0.37164706
2023-11-01,20.0,90.25,0.05430282
2023-11-01,20.0,90.5,0.058702216
2023-11-01,21.5,90.75,0.27442315
2023-11-01,20.0,90.75,0.049747206
2023-11-01,21.5,89.0,0.07152432
2023-11-01,21.5,90.5,0.3402466
2023-11-01,21.5,90.25,0.24997866
2023-11-01,20.25,87.0,0.06884699
2023-11-01,20.25,87.25,0.061937656
2023-11-01,21.5,90.0,0.13956283
2023-11-01,20.25,87.5,0.057208788
2023-11-01,21.5,89.75,0.12653156
2023-11-01,20.25,87.75,0.0665289
2023-11-01,20.25,88.0,0.0583708
2023-11-01,21.5,89.5,0.108928524
2023-11-01,20.25,88.25,0.05131644
2023-11-01,20.25,88.5,0.047970057
2023-11-01,21.5,89.25,0.07193526
2023-11-01,20.0,91.0,0.045700014
2023-11-01,20.5,88.75,0.057673723
2023-11-01,20.5,89.0,0.055038884
2023-11-01,21.25,90.0,0.12949987
2023-11-01,20.75,89.25,0.057547998
2023-11-01,21.25,87.0,0.05989157
2023-11-01,20.75,89.5,0.060710583
2023-11-01,21.0,91.0,0.09124838
2023-11-01,20.75,89.75,0.06006531
2023-11-01,20.75,90.0,0.049578756
2023-11-01,21.0,90.75,0.07068167
2023-11-01,20.75,90.25,0.044685647
2023-11-01,21.0,90.5,0.05831336
2023-11-01,20.75,90.5,0.045377407
2023-11-01,20.75,90.75,0.05129389
2023-11-01,21.0,90.25,0.051763874
2023-11-01,20.75,89.0,0.05672297
2023-11-01,20.75,91.0,0.0596969
2023-11-01,21.0,87.0,0.07957064
2023-11-01,21.0,87.25,0.05946266
2023-11-01,21.0,89.75,0.08151687
2023-11-01,21.0,87.5,0.062800124
2023-11-01,21.0,89.5,0.07592807
2023-11-01,21.0,87.75,0.07255621
2023-11-01,21.0,88.0,0.076691985
2023-11-01,21.0,89.25,0.064513795
2023-11-01,21.0,88.25,0.07214879
2023-11-01,21.0,89.0,0.06510208
2023-11-01,22.0,91.0,0.3923217
2023-11-01,21.0,88.5,0.06997179
2023-11-01,21.0,90.0,0.052091748
2023-11-01,21.25,87.25,0.06599645
2023-11-01,20.75,88.75,0.06052732
2023-11-01,22.25,90.75,0.4027898
2023-11-01,22.25,91.0,0.4120621
2023-11-01,20.5,89.25,0.054333203
2023-11-01,20.5,89.5,0.05669212
2023-11-01,21.25,89.75,0.10971188
2023-11-01,20.5,89.75,0.061226673
2023-11-01,21.25,89.5,0.0897015
2023-11-01,20.5,90.0,0.0560402
2023-11-01,21.25,89.25,0.072241396
2023-11-01,20.5,90.25,0.049399503
2023-11-01,20.5,90.5,0.0458707
2023-11-01,21.25,89.0,0.07017623
2023-11-01,20.5,90.75,0.046378355
2023-11-01,21.25,88.75,0.06913819
2023-11-01,20.5,91.0,0.04855198
2023-11-01,21.25,88.5,0.10304682
2023-11-01,20.75,87.0,0.08481377
2023-11-01,20.75,87.25,0.058217682
2023-11-01,21.25,88.25,0.100814365
2023-11-01,20.75,87.5,0.056292288
2023-11-01,21.25,88.0,0.099033184
2023-11-01,22.0,90.75,0.3768928
2023-11-01,20.75,87.75,0.05813327
2023-11-01,20.75,88.0,0.060005523
2023-11-01,21.25,87.75,0.09364711
2023-11-01,20.75,88.25,0.059078254
2023-11-01,20.75,88.5,0.0596665
2023-11-01,21.25,87.5,0.07059307
2023-11-01,20.0,89.25,0.048287526
2023-11-01,20.0,89.0,0.04812287
2023-11-01,21.0,88.75,0.06772179
2023-11-01,21.75,89.5,0.07344802
2023-11-01,21.75,90.0,0.17372465
2023-11-01,20.0,88.75,0.048244033
2023-11-01,21.75,90.75,0.36861202
2023-11-01,21.75,90.5,0.35680565
2023-11-01,20.0,87.5,0.0578345
2023-11-01,20.0,88.25,0.04701722
2023-11-01,20.0,87.25,0.061908312
2023-11-01,20.0,88.0,0.04743455
2023-11-01,21.75,90.25,0.30504227
2023-11-01,21.75,89.75,0.15589693
2023-11-01,20.0,87.75,0.04868809
2023-11-01,20.0,88.5,0.048022386
2023-12-01,20.25,91.0,0.048121676
2023-12-01,21.0,88.25,0.06910046
2023-12-01,21.5,90.25,0.12982321
2023-12-01,21.5,87.5,0.07059859
2023-12-01,20.75,89.25,0.06150295
2023-12-01,21.0,87.5,0.053203885
2023-12-01,21.5,87.75,0.11346574
2023-12-01,21.25,88.0,0.08384193
2023-12-01,20.0,88.25,0.064058594
2023-12-01,21.25,87.0,0.049104296
2023-12-01,20.25,90.75,0.047493964
2023-12-01,20.25,87.0,0.07110373
2023-12-01,22.0,90.5,0.25104302
2023-12-01,20.0,89.0,0.064946935
2023-12-01,20.25,87.25,0.07186788
2023-12-01,20.75,87.25,0.06278181
2023-12-01,21.0,89.0,0.064271376
2023-12-01,20.5,87.5,0.06540469
2023-12-01,21.25,91.0,0.08391372
2023-12-01,20.0,88.75,0.06324477
2023-12-01,20.0,90.75,0.04551354
2023-12-01,21.25,88.25,0.07912389
2023-12-01,20.75,89.5,0.061707977
2023-12-01,20.75,87.5,0.06399133
2023-12-01,20.5,87.25,0.06840017
2023-12-01,20.25,88.5,0.068014555
2023-12-01,21.5,90.5,0.27222818
2023-12-01,21.5,87.25,0.055193428
2023-12-01,21.0,90.5,0.049492322
2023-12-01,20.0,91.0,0.04568808
2023-12-01,20.0,87.25,0.061732356
2023-12-01,20.5,87.0,0.0694221
2023-12-01,21.75,90.0,0.13146463
2023-12-01,20.75,90.75,0.045975477
2023-12-01,21.75,90.5,0.2841821
2023-12-01,21.5,88.0,0.12724455
2023-12-01,20.25,90.5,0.046134163
2023-12-01,22.5,90.75,0.20197298
2023-12-01,20.75,88.25,0.06524031
2023-12-01,20.25,88.0,0.0649003
2023-12-01,20.25,89.25,0.06686998
2023-12-01,20.75,88.75,0.06472426
2023-12-01,21.5,88.75,0.07542894
2023-12-01,21.5,89.5,0.06953909
2023-12-01,20.25,89.0,0.06764733
2023-12-01,20.25,89.5,0.06551539
2023-12-01,21.0,88.0,0.07391843
2023-12-01,20.25,88.25,0.06688389
2023-12-01,22.25,90.75,0.30180433
2023-12-01,21.5,89.0,0.0699575
2023-12-01,20.75,88.5,0.06442677
2023-12-01,20.0,87.5,0.059651308
2023-12-01,20.25,88.75,0.067294724
2023-12-01,20.0,88.5,0.0629026
2023-12-01,21.5,89.25,0.067051075
2023-12-01,21.25,87.5,0.053290926
2023-12-01,21.0,90.25,0.05123327
2023-12-01,22.0,90.75,0.30735317
2023-12-01,21.25,87.25,0.051587537
2023-12-01,20.75,87.75,0.066740885
2023-12-01,20.5,87.75,0.06632566
2023-12-01,21.5,90.0,0.07793309
2023-12-01,22.0,91.0,0.32138315
2023-12-01,20.25,90.25,0.046303358
2023-12-01,20.25,87.5,0.063981764
2023-12-01,21.0,89.5,0.061589383
2023-12-01,20.25,90.0,0.053285696
2023-12-01,21.5,88.5,0.085398056
2023-12-01,20.75,89.0,0.062870614
2023-12-01,20.75,90.5,0.044377238
2023-12-01,20.75,88.0,0.065095864
2023-12-01,21.5,89.75,0.07220622
2023-12-01,21.75,89.75,0.1512116
2023-12-01,20.25,89.75,0.062477183
2023-12-01,20.25,87.75,0.06300851
2023-12-01,21.0,87.75,0.06422039
2023-12-01,21.25,87.75,0.07233077
2023-12-01,21.5,88.25,0.12171826
2023-12-01,21.0,88.75,0.06587342
2023-12-01,21.0,89.25,0.06336939
2023-12-01,21.25,90.75,0.085373856
2023-12-01,21.0,87.0,0.06758478
2023-12-01,20.5,89.25,0.064765476
2023-12-01,21.75,87.75,0.12664227
2023-12-01,20.0,87.75,0.06205089
2023-12-01,20.0,89.75,0.057223067
2023-12-01,20.5,90.75,0.047177266
2023-12-01,20.5,89.0,0.06566638
2023-12-01,22.25,91.0,0.31547982
2023-12-01,21.75,91.0,0.3056562
2023-12-01,21.25,88.75,0.06729062
2023-12-01,20.5,88.75,0.06547677
2023-12-01,22.5,91.0,0.21400516
2023-12-01,20.0,90.0,0.053663187
2023-12-01,20.0,88.0,0.06527155
2023-12-01,21.25,90.25,0.094394445
2023-12-01,20.75,91.0,0.04837524
2023-12-01,21.25,89.75,0.06834357
2023-12-01,21.75,90.25,0.24278247
2023-12-01,20.0,89.5,0.060019873
2023-12-01,20.5,90.25,0.046641693
2023-12-01,21.25,89.25,0.0637198
2023-12-01,20.5,90.0,0.055566538
2023-12-01,21.25,89.0,0.06796986
2023-12-01,20.75,90.25,0.046395194
2023-12-01,21.25,89.5,0.06373988
2023-12-01,21.0,90.0,0.058203973
2023-12-01,20.5,91.0,0.04882377
2023-12-01,20.5,90.5,0.045989253
2023-12-01,20.5,89.75,0.06635114
2023-12-01,21.75,90.75,0.2998945
2023-12-01,21.75,88.0,0.11555585
2023-12-01,21.75,89.5,0.080768146
2023-12-01,20.75,90.0,0.055771314
2023-12-01,21.0,90.75,0.049509715
2023-12-01,20.5,89.5,0.06427843
2023-12-01,20.0,89.25,0.062850535
2023-12-01,20.75,89.75,0.061239116
2023-12-01,21.25,90.0,0.08825899
2023-12-01,21.25,88.5,0.071854316
2023-12-01,21.0,89.75,0.06310636
2023-12-01,21.25,90.5,0.09586865
2023-12-01,21.5,90.75,0.20798951
2023-12-01,20.0,87.0,0.06519331
2023-12-01,21.0,87.25,0.0545889
2023-12-01,20.0,90.25,0.04654435
2023-12-01,20.5,88.5,0.065122984
2023-12-01,20.5,88.25,0.06537428
2023-12-01,20.5,88.0,0.06541347
2023-12-01,20.75,87.0,0.075344086
2023-12-01,21.0,91.0,0.05039856
2023-12-01,20.0,90.5,0.045170125
2023-12-01,21.5,91.0,0.20716299
2023-12-01,21.0,88.5,0.066904694
2024-01-01,22.5,90.75,0.15182275
2024-01-01,21.75,89.75,0.10603564
2024-01-01,21.25,91.0,0.081545144
2024-01-01,20.5,90.25,0.052211303
2024-01-01,20.5,90.5,0.048781354
2024-01-01,20.25,89.25,0.047230966
2024-01-01,20.25,89.5,0.047949936
2024-01-01,20.75,88.25,0.05420559
2024-01-01,21.75,90.25,0.19449691
2024-01-01,22.25,90.75,0.2493313
2024-01-01,21.75,90.75,0.25497362
2024-01-01,20.75,91.0,0.05052381
2024-01-01,20.5,88.0,0.05410883
2024-01-01,21.0,87.75,0.056213547
2024-01-01,20.25,91.0,0.04588487
2024-01-01,21.5,88.75,0.0715244
2024-01-01,20.0,88.5,0.049946375
2024-01-01,21.0,89.25,0.058221534
2024-01-01,20.5,87.75,0.058041904
2024-01-01,20.75,88.5,0.053031713
2024-01-01,21.25,89.25,0.06200398
2024-01-01,20.5,90.0,0.05564581
2024-01-01,20.25,88.75,0.04885799
2024-01-01,21.0,87.25,0.050909657
2024-01-01,20.0,87.5,0.059574336
2024-01-01,21.5,89.0,0.066981964
2024-01-01,21.25,89.0,0.063981585
2024-01-01,21.25,88.25,0.06642778
2024-01-01,21.0,90.0,0.06213907
2024-01-01,21.25,87.5,0.049383726
2024-01-01,21.25,89.5,0.061929964
2024-01-01,20.5,87.5,0.05515165
2024-01-01,20.75,87.0,0.073788084
2024-01-01,20.0,87.75,0.06141618
2024-01-01,20.5,89.75,0.054265752
2024-01-01,20.75,87.25,0.056715403
2024-01-01,20.25,89.0,0.047663458
2024-01-01,21.25,88.5,0.06779907
2024-01-01,21.25,87.75,0.064975485
2024-01-01,20.5,89.0,0.04970256
2024-01-01,21.0,89.75,0.057547342
2024-01-01,21.25,88.75,0.06514326
2024-01-01,21.5,87.75,0.10557546
2024-01-01,20.5,87.0,0.0647987
2024-01-01,20.0,88.25,0.05032849
2024-01-01,20.0,88.0,0.05374564
2024-01-01,21.0,87.5,0.049996328
2024-01-01,20.5,88.75,0.050134923
2024-01-01,20.25,90.75,0.04619369
2024-01-01,22.25,91.0,0.25875822
2024-01-01,21.25,88.0,0.07170618
2024-01-01,20.5,88.5,0.049971644
2024-01-01,21.5,87.5,0.06426326
2024-01-01,20.75,87.5,0.053140808
2024-01-01,20.5,91.0,0.046872932
2024-01-01,21.25,90.25,0.07124026
2024-01-01,20.25,90.5,0.047996473
2024-01-01,20.5,90.75,0.04602473
2024-01-01,20.75,87.75,0.056593057
2024-01-01,21.5,87.25,0.051208075
2024-01-01,20.5,89.5,0.050180487
2024-01-01,20.25,89.75,0.049191285
2024-01-01,20.75,90.75,0.050923254
2024-01-01,20.75,88.0,0.056035634
2024-01-01,21.25,90.5,0.08033081
2024-01-01,21.5,88.25,0.111240886
2024-01-01,21.25,89.75,0.06208336
2024-01-01,20.5,88.25,0.05032339
2024-01-01,20.5,87.25,0.05999587
2024-01-01,21.0,87.0,0.06394405
2024-01-01,20.5,89.25,0.049519133
2024-01-01,21.0,89.5,0.05677696
2024-01-01,21.75,90.0,0.11751718
2024-01-01,21.5,88.0,0.11692859
2024-01-01,20.25,90.25,0.049247652
2024-01-01,21.0,90.25,0.06259063
2024-01-01,21.25,90.75,0.07155845
2024-01-01,21.25,90.0,0.06848999
2024-01-01,20.25,90.0,0.051145405
2024-01-01,22.0,90.5,0.21807994
2024-01-01,21.5,88.5,0.07604816
2024-01-01,21.75,91.0,0.26121038
2024-01-01,20.0,87.25,0.061784018
2024-01-01,20.75,90.25,0.056407038
2024-01-01,21.5,89.5,0.06550023
2024-01-01,21.0,90.5,0.057418536
2024-01-01,20.75,88.75,0.052100644
2024-01-01,21.5,90.75,0.17275664
2024-01-01,20.25,88.0,0.052627854
2024-01-01,21.5,90.0,0.06650807
2024-01-01,22.5,91.0,0.15953448
2024-01-01,20.0,89.75,0.047713924
2024-01-01,20.0,90.75,0.053488053
2024-01-01,20.75,89.5,0.05140334
2024-01-01,21.0,89.0,0.05917325
2024-01-01,21.0,90.75,0.059157602
2024-01-01,21.0,88.5,0.06352352
2024-01-01,20.0,88.75,0.04952989
2024-01-01,20.75,89.75,0.05464778
2024-01-01,20.75,90.5,0.052472148
2024-01-01,21.5,91.0,0.17651168
2024-01-01,21.25,87.25,0.04793653
2024-01-01,20.25,87.5,0.057726342
2024-01-01,20.25,87.75,0.059643675
2024-01-01,20.0,90.25,0.049772047
2024-01-01,20.0,90.5,0.051578473
2024-01-01,20.75,89.0,0.051500462
2024-01-01,20.0,87.0,0.06289319
2024-01-01,21.0,91.0,0.05623798
2024-01-01,21.5,89.75,0.066385396
2024-01-01,20.0,90.0,0.0485101
2024-01-01,20.0,89.5,0.047745455
2024-01-01,21.75,87.75,0.11212321
2024-01-01,20.25,87.0,0.06181916
2024-01-01,20.25,87.25,0.060440455
2024-01-01,21.5,89.25,0.061316308
2024-01-01,20.0,89.25,0.048006147
2024-01-01,21.75,88.0,0.10728432
2024-01-01,21.75,89.5,0.0650781
2024-01-01,21.0,88.25,0.06451458
2024-01-01,21.0,88.75,0.06107304
2024-01-01,22.0,90.75,0.25831738
2024-01-01,22.0,91.0,0.2707908
2024-01-01,20.25,88.5,0.04931838
2024-01-01,21.25,87.0,0.04734865
2024-01-01,20.75,90.0,0.05808971
2024-01-01,20.0,91.0,0.055580888
2024-01-01,20.0,89.0,0.048111223
2024-01-01,21.0,88.0,0.064840876
2024-01-01,21.75,90.5,0.2515802
2024-01-01,21.5,90.5,0.2428465
2024-01-01,21.5,90.25,0.091740154
2024-01-01,20.25,88.25,0.04947824
2024-01-01,20.75,89.25,0.05150498
2024-02-01,21.5,90.5,0.20985202
2024-02-01,20.5,87.75,0.047603205
2024-02-01,21.25,90.75,0.052376475
2024-02-01,21.25,88.25,0.05504151
2024-02-01,20.0,90.5,0.04355531
2024-02-01,20.0,88.75,0.04100391
2024-02-01,21.5,87.5,0.052048035
2024-02-01,20.75,87.0,0.06498094
2024-02-01,20.0,87.0,0.059042476
2024-02-01,21.0,87.25,0.042937346
2024-02-01,20.75,87.5,0.044515036
2024-02-01,21.5,90.25,0.09169423
2024-02-01,21.0,89.0,0.049876556
2024-02-01,21.75,90.0,0.09087996
2024-02-01,20.5,87.0,0.06175568
2024-02-01,20.25,88.5,0.0394257
2024-02-01,20.0,91.0,0.04809872
2024-02-01,20.0,87.25,0.048445027
2024-02-01,20.0,90.75,0.046027847
2024-02-01,22.0,90.5,0.1910677
2024-02-01,21.5,87.25,0.042587996
2024-02-01,21.25,91.0,0.05832527
2024-02-01,20.75,87.25,0.053133067
2024-02-01,20.75,89.25,0.04011089
2024-02-01,20.75,89.5,0.039663658
2024-02-01,20.5,87.5,0.05055053
2024-02-01,21.75,91.0,0.22157542
2024-02-01,20.25,91.0,0.042910844
2024-02-01,20.75,90.75,0.042999692
2024-02-01,21.5,90.75,0.1460524
2024-02-01,20.5,87.25,0.057234265
2024-02-01,21.0,90.5,0.04913443
2024-02-01,21.75,87.75,0.09200859
2024-02-01,20.5,89.25,0.039234456
2024-02-01,21.0,90.75,0.046182368
2024-02-01,21.25,89.75,0.05128361
2024-02-01,20.0,89.5,0.039903667
2024-02-01,22.5,91.0,0.13339698
2024-02-01,20.5,89.5,0.039007906
2024-02-01,20.75,90.0,0.039677713
2024-02-01,20.5,90.5,0.03933083
2024-02-01,20.0,89.25,0.04010623
2024-02-01,21.0,87.0,0.05841959
2024-02-01,21.75,90.25,0.19597398
2024-02-01,20.0,87.75,0.04225839
2024-02-01,21.25,89.5,0.050009117
2024-02-01,21.75,88.0,0.087269865
2024-02-01,21.0,90.0,0.048815034
2024-02-01,21.0,88.75,0.05147729
2024-02-01,21.25,89.0,0.053339485
2024-02-01,20.5,90.0,0.03896203
2024-02-01,20.75,91.0,0.04241342
2024-02-01,21.25,89.25,0.051054463
2024-02-01,20.0,89.0,0.040648095
2024-02-01,20.5,89.75,0.038998846
2024-02-01,20.5,88.0,0.043534435
2024-02-01,21.25,88.75,0.05578676
2024-02-01,21.25,90.0,0.06814232
2024-02-01,21.0,91.0,0.044200085
2024-02-01,21.75,90.75,0.22134389
2024-02-01,21.25,90.5,0.06368925
2024-02-01,20.0,90.25,0.0414123
2024-02-01,20.5,88.25,0.04136909
2024-02-01,21.25,88.5,0.055403885
2024-02-01,20.0,88.0,0.040659826
2024-02-01,21.0,89.75,0.046604548
2024-02-01,22.25,91.0,0.22102204
2024-02-01,21.25,88.0,0.05509952
2024-02-01,21.75,89.5,0.06260642
2024-02-01,20.5,88.5,0.040359117
2024-02-01,21.5,91.0,0.14368881
2024-02-01,21.25,90.25,0.073087916
2024-02-01,20.0,90.0,0.039933246
2024-02-01,20.75,89.75,0.039439313
2024-02-01,20.5,88.75,0.03977526
2024-02-01,21.0,88.5,0.051601473
2024-02-01,20.75,90.25,0.04072597
2024-02-01,20.5,89.0,0.039549347
2024-02-01,20.5,90.75,0.039788634
2024-02-01,20.0,89.75,0.039678734
2024-02-01,20.5,91.0,0.04029327
2024-02-01,20.25,87.0,0.06455848
2024-02-01,20.5,90.25,0.039166655
2024-02-01,20.75,88.0,0.043574426
2024-02-01,21.5,88.0,0.089570016
2024-02-01,20.75,89.0,0.040725444
2024-02-01,21.0,90.25,0.051306363
2024-02-01,20.0,87.5,0.04414676
2024-02-01,20.25,90.25,0.03857789
2024-02-01,22.0,90.75,0.22787431
2024-02-01,20.25,88.75,0.039557673
2024-02-01,21.0,87.75,0.040784337
2024-02-01,20.0,88.5,0.041359004
2024-02-01,20.75,88.75,0.04145337
2024-02-01,20.75,88.25,0.04268112
2024-02-01,20.75,87.75,0.044628453
2024-02-01,20.25,89.25,0.038997397
2024-02-01,20.25,88.0,0.04043388
2024-02-01,21.75,89.75,0.064831726
2024-02-01,20.0,88.25,0.04102992
2024-02-01,21.5,89.5,0.054368224
2024-02-01,20.25,87.5,0.047743984
2024-02-01,20.25,89.75,0.0385473
2024-02-01,22.0,91.0,0.23619767
2024-02-01,21.5,89.25,0.05026878
2024-02-01,20.75,88.5,0.041941606
2024-02-01,20.25,87.75,0.04416667
2024-02-01,21.25,87.25,0.03894717
2024-02-01,21.0,89.5,0.04691022
2024-02-01,21.5,89.75,0.056280233
2024-02-01,21.5,88.25,0.08805464
2024-02-01,22.25,90.75,0.21948412
2024-02-01,20.25,89.5,0.03872416
2024-02-01,20.25,90.0,0.038432565
2024-02-01,21.25,87.75,0.048685048
2024-02-01,21.0,89.25,0.048514497
2024-02-01,21.5,88.5,0.065514416
2024-02-01,21.0,88.0,0.049675673
2024-02-01,21.75,90.5,0.22254153
2024-02-01,21.5,88.75,0.06511479
2024-02-01,20.25,87.25,0.055649575
2024-02-01,21.5,89.0,0.056604244
2024-02-01,21.25,87.0,0.04101437
2024-02-01,21.0,87.5,0.03916546
2024-02-01,21.0,88.25,0.051171903
2024-02-01,22.5,90.75,0.13919184
2024-02-01,21.25,87.5,0.039858844
2024-02-01,20.75,90.5,0.042168513
2024-02-01,20.25,90.5,0.03921156
2024-02-01,21.5,87.75,0.07493279
2024-02-01,21.5,90.0,0.059745323
2024-02-01,20.25,90.75,0.04066623
2024-02-01,20.25,88.25,0.03982103
2024-02-01,20.25,89.0,0.039280005
2024-03-01,20.75,88.75,0.050185807
2024-03-01,20.0,90.0,0.03815237
2024-03-01,21.75,89.75,0.061631113
2024-03-01,20.5,89.5,0.040642858
2024-03-01,20.0,88.5,0.045228887
2024-03-01,21.25,90.25,0.07176461
2024-03-01,20.75,90.0,0.045201313
2024-03-01,20.5,88.5,0.048886407
2024-03-01,21.0,89.75,0.05245312
2024-03-01,20.0,87.5,0.062412996
2024-03-01,21.25,87.25,0.040128175
2024-03-01,21.5,91.0,0.14182058
2024-03-01,20.75,90.25,0.04812396
2024-03-01,20.25,87.75,0.06194344
2024-03-01,20.5,90.5,0.044333443
2024-03-01,20.5,91.0,0.045042414
2024-03-01,20.0,89.25,0.04616712
2024-03-01,20.25,90.75,0.04162118
2024-03-01,22.5,90.75,0.129947
2024-03-01,20.0,88.75,0.045233354
2024-03-01,20.25,89.5,0.04040773
2024-03-01,21.5,89.5,0.05929685
2024-03-01,20.5,88.75,0.04630045
2024-03-01,21.5,88.5,0.056375522
2024-03-01,20.25,88.0,0.05656739
2024-03-01,20.5,89.25,0.04201054
2024-03-01,21.0,87.0,0.06203554
2024-03-01,21.25,88.75,0.0558662
2024-03-01,22.5,91.0,0.12985203
2024-03-01,20.25,89.25,0.04277975
2024-03-01,21.0,90.75,0.045041833
2024-03-01,21.75,89.5,0.059638266
2024-03-01,21.5,88.75,0.10226206
2024-03-01,21.0,88.0,0.06419663
2024-03-01,20.75,88.25,0.05473025
2024-03-01,21.0,87.75,0.04327105
2024-03-01,20.5,89.0,0.04427564
2024-03-01,20.5,89.75,0.03951319
2024-03-01,20.75,89.75,0.043687176
2024-03-01,20.0,89.75,0.040797196
2024-03-01,20.5,90.75,0.046717916
2024-03-01,21.0,89.25,0.055776067
2024-03-01,20.0,89.5,0.04468355
2024-03-01,21.25,87.5,0.038334183
2024-03-01,21.25,90.0,0.07057269
2024-03-01,20.25,88.75,0.04483485
2024-03-01,21.0,90.0,0.056532986
2024-03-01,20.25,89.0,0.04432475
2024-03-01,21.0,88.5,0.06278161
2024-03-01,21.5,89.25,0.05655338
2024-03-01,21.75,88.0,0.0666165
2024-03-01,21.75,90.25,0.16831823
2024-03-01,21.0,88.75,0.06097812
2024-03-01,21.75,87.75,0.06823132
2024-03-01,21.25,89.75,0.058031637
2024-03-01,20.75,90.5,0.051082015
2024-03-01,20.25,88.5,0.045524687
2024-03-01,20.5,88.25,0.05359589
2024-03-01,20.5,90.25,0.04118682
2024-03-01,20.75,88.5,0.051927596
2024-03-01,20.0,89.0,0.04599441
2024-03-01,21.0,91.0,0.04068172
2024-03-01,21.75,91.0,0.21236125
2024-03-01,21.5,87.75,0.05337879
2024-03-01,21.75,90.75,0.2047968
2024-03-01,20.5,87.0,0.08118158
2024-03-01,22.25,90.75,0.21471538
2024-03-01,20.0,90.75,0.038156644
2024-03-01,20.0,88.25,0.045225978
2024-03-01,20.5,87.25,0.079543635
2024-03-01,20.75,87.75,0.05730017
2024-03-01,21.25,89.25,0.057675947
2024-03-01,20.75,87.25,0.07665715
2024-03-01,21.25,91.0,0.05342348
2024-03-01,20.0,87.0,0.08008282
2024-03-01,20.75,91.0,0.042404696
2024-03-01,20.25,87.25,0.081200324
2024-03-01,20.25,90.5,0.03927617
2024-03-01,20.25,87.0,0.09091001
2024-03-01,21.0,88.25,0.06426434
2024-03-01,21.25,88.0,0.0473348
2024-03-01,21.5,87.5,0.047488566
2024-03-01,21.25,87.0,0.04150252
2024-03-01,21.5,90.0,0.050454725
2024-03-01,21.5,90.25,0.0745759
2024-03-01,20.0,91.0,0.038830455
2024-03-01,20.25,91.0,0.04210786
2024-03-01,22.0,91.0,0.22044864
2024-03-01,21.0,87.5,0.0430343
2024-03-01,21.0,89.5,0.05316927
2024-03-01,20.75,89.25,0.0459394
2024-03-01,20.0,87.75,0.05661192
2024-03-01,22.0,90.75,0.21382092
2024-03-01,21.5,87.25,0.047032997
2024-03-01,20.75,87.5,0.05525152
2024-03-01,21.25,88.5,0.0472088
2024-03-01,20.25,90.25,0.03724114
2024-03-01,21.75,90.0,0.071960576
2024-03-01,22.0,90.5,0.18080024
2024-03-01,20.25,87.5,0.06945469
2024-03-01,21.0,90.5,0.057227988
2024-03-01,21.75,90.5,0.19591145
2024-03-01,21.5,90.75,0.1467964
2024-03-01,21.5,89.75,0.057531405
2024-03-01,20.5,88.0,0.058946088
2024-03-01,21.5,88.25,0.06679215
2024-03-01,20.0,87.25,0.06733727
2024-03-01,20.25,88.25,0.04949787
2024-03-01,20.75,88.0,0.057619594
2024-03-01,21.25,90.5,0.0646014
2024-03-01,21.5,89.0,0.07869672
2024-03-01,22.25,91.0,0.21525742
2024-03-01,20.0,88.0,0.047791578
2024-03-01,20.0,90.25,0.036859177
2024-03-01,20.25,89.75,0.03789779
2024-03-01,20.75,87.0,0.06645621
2024-03-01,21.5,90.5,0.19410495
2024-03-01,21.25,89.5,0.05677102
2024-03-01,20.0,90.5,0.037403338
2024-03-01,21.0,89.0,0.05927171
2024-03-01,20.5,90.0,0.039722998
2024-03-01,20.5,87.75,0.060171418
2024-03-01,21.25,87.75,0.04424768
2024-03-01,21.25,89.0,0.06474718
2024-03-01,20.75,89.5,0.044117395
2024-03-01,20.75,89.0,0.047891464
2024-03-01,21.25,90.75,0.051459137
2024-03-01,21.25,88.25,0.046472315
2024-03-01,20.25,90.0,0.037083
2024-03-01,21.0,87.25,0.05350796
2024-03-01,21.0,90.25,0.0615
2024-03-01,21.5,88.0,0.061026797
2024-03-01,20.5,87.5,0.06557919
2024-03-01,20.75,90.75,0.048711285
2024-04-01,20.75,90.5,0.04382129
2024-04-01,21.25,89.0,0.06340912
2024-04-01,20.5,90.25,0.05142875
2024-04-01,20.75,88.5,0.07873075
2024-04-01,20.0,87.25,0.08319709
2024-04-01,21.75,90.5,0.22532973
2024-04-01,20.75,90.0,0.05730139
2024-04-01,20.75,87.5,0.1499416
2024-04-01,20.75,89.25,0.064148754
2024-04-01,22.25,90.75,0.25457945
2024-04-01,21.25,88.0,0.05358743
2024-04-01,21.25,87.0,0.04928902
2024-04-01,21.0,91.0,0.046558816
2024-04-01,20.75,87.75,0.114966914
2024-04-01,20.75,87.25,0.187808
2024-04-01,20.75,89.0,0.069404826
2024-04-01,21.25,87.75,0.056685373
2024-04-01,21.25,88.25,0.04697274
2024-04-01,20.75,89.5,0.058454443
2024-04-01,20.75,90.75,0.0415114
2024-04-01,20.75,87.0,0.11210804
2024-04-01,20.5,90.5,0.04648254
2024-04-01,20.0,87.5,0.06252929
2024-04-01,20.75,88.0,0.09601323
2024-04-01,22.0,90.75,0.25019282
2024-04-01,20.5,91.0,0.041481756
2024-04-01,21.0,90.25,0.059409495
2024-04-01,20.75,88.75,0.073395446
2024-04-01,21.25,88.5,0.04873772
2024-04-01,21.0,90.0,0.061076734
2024-04-01,20.75,89.75,0.055073544
2024-04-01,20.5,90.75,0.04363388
2024-04-01,21.0,90.75,0.050284665
2024-04-01,21.25,88.75,0.0655161
2024-04-01,20.75,88.25,0.086148575
2024-04-01,21.25,87.5,0.053616237
2024-04-01,21.25,87.25,0.05814761
2024-04-01,21.75,90.25,0.17563824
2024-04-01,20.75,90.25,0.050317787
2024-04-01,21.0,90.5,0.05225333
2024-04-01,20.0,87.75,0.05982366
2024-04-01,22.5,90.75,0.13395272
2024-04-01,20.25,88.5,0.058262672
2024-04-01,21.5,89.0,0.06309234
2024-04-01,20.25,88.75,0.05665774
2024-04-01,21.0,89.25,0.058751747
2024-04-01,20.25,89.0,0.05517533
2024-04-01,21.5,88.75,0.06279831
2024-04-01,20.25,89.25,0.05472266
2024-04-01,21.0,87.75,0.07587473
2024-04-01,21.5,88.5,0.04846478
2024-04-01,20.25,89.5,0.0549695
2024-04-01,20.75,91.0,0.041749835
2024-04-01,20.25,89.75,0.055159662
2024-04-01,21.5,88.25,0.055724356
2024-04-01,21.5,89.25,0.053974092
2024-04-01,20.25,90.0,0.0575475
2024-04-01,20.0,88.25,0.05754329
2024-04-01,20.25,90.25,0.050034694
2024-04-01,21.0,87.5,0.08931098
2024-04-01,21.5,87.75,0.050718267
2024-04-01,20.25,90.5,0.04539706
2024-04-01,20.25,90.75,0.04017708
2024-04-01,21.5,87.5,0.04580446
2024-04-01,21.75,90.75,0.23481537
2024-04-01,20.25,91.0,0.039442103
2024-04-01,21.0,89.5,0.054069817
2024-04-01,21.5,87.25,0.048451964
2024-04-01,20.5,87.0,0.17249471
2024-04-01,20.5,87.25,0.20985265
2024-04-01,21.25,91.0,0.057730548
2024-04-01,21.5,88.0,0.052248936
2024-04-01,20.25,88.25,0.06085177
2024-04-01,20.0,88.5,0.0572265
2024-04-01,20.25,88.0,0.06695692
2024-04-01,20.0,89.0,0.055922862
2024-04-01,21.75,88.0,0.05974716
2024-04-01,20.0,89.25,0.054537423
2024-04-01,21.0,88.75,0.080722645
2024-04-01,20.0,89.5,0.053942002
2024-04-01,21.75,87.75,0.068245225
2024-04-01,20.0,89.75,0.05365075
2024-04-01,21.0,88.5,0.09147717
2024-04-01,21.5,91.0,0.1741009
2024-04-01,20.0,90.0,0.053812478
2024-04-01,20.0,88.75,0.057365965
2024-04-01,20.0,90.25,0.046684816
2024-04-01,21.5,90.75,0.1782704
2024-04-01,20.0,90.5,0.038950942
2024-04-01,21.5,90.5,0.23682858
2024-04-01,20.0,90.75,0.037119143
2024-04-01,20.0,91.0,0.03692888
2024-04-01,21.5,89.5,0.062400084
2024-04-01,21.0,88.0,0.096181184
2024-04-01,20.25,87.75,0.077764355
2024-04-01,20.0,87.0,0.1382351
2024-04-01,21.5,89.75,0.059394054
2024-04-01,20.25,87.5,0.094195925
2024-04-01,21.75,90.0,0.05981975
2024-04-01,21.0,89.0,0.06867943
2024-04-01,21.5,90.0,0.05265481
2024-04-01,21.75,91.0,0.24436328
2024-04-01,20.25,87.0,0.20319858
2024-04-01,21.75,89.5,0.057877135
2024-04-01,21.5,90.25,0.07106705
2024-04-01,21.0,88.25,0.09959497
2024-04-01,20.25,87.25,0.15682416
2024-04-01,20.5,87.5,0.16111855
2024-04-01,21.75,89.75,0.060325723
2024-04-01,21.0,87.0,0.09734431
2024-04-01,20.5,89.25,0.05793299
2024-04-01,21.25,90.25,0.068186544
2024-04-01,22.0,90.5,0.20354962
2024-04-01,22.0,91.0,0.26309577
2024-04-01,20.5,90.0,0.057484377
2024-04-01,20.5,88.75,0.056383267
2024-04-01,20.5,89.75,0.05557577
2024-04-01,20.5,87.75,0.09930439
2024-04-01,20.5,89.0,0.057297673
2024-04-01,20.0,88.0,0.058607288
2024-04-01,20.5,89.5,0.05731589
2024-04-01,20.5,88.5,0.058217112
2024-04-01,21.25,90.0,0.06833133
2024-04-01,21.25,90.5,0.07792013
2024-04-01,22.5,91.0,0.14396293
2024-04-01,21.0,87.25,0.10402477
2024-04-01,21.25,89.25,0.061625022
2024-04-01,21.25,89.75,0.05857237
2024-04-01,20.5,88.25,0.062496584
2024-04-01,21.25,90.75,0.06745332
2024-04-01,21.0,89.75,0.054796733
2024-04-01,21.25,89.5,0.059345532
2024-04-01,20.5,88.0,0.07259113
2024-04-01,22.25,91.0,0.2560911
2024-05-01,22.25,90.75,0.3616798
2024-05-01,20.5,89.25,0.06270563
2024-05-01,21.25,88.75,0.06650945
2024-05-01,21.75,89.5,0.06552036
2024-05-01,21.25,89.75,0.0647805
2024-05-01,21.5,90.25,0.17308187
2024-05-01,21.5,90.0,0.08453668
2024-05-01,20.25,87.0,0.13384007
2024-05-01,21.75,91.0,0.34029952
2024-05-01,20.25,87.25,0.10271657
2024-05-01,21.25,90.0,0.07301122
2024-05-01,20.0,88.5,0.058165792
2024-05-01,20.5,90.75,0.05804779
2024-05-01,21.5,89.5,0.06341985
2024-05-01,20.75,88.75,0.07248465
2024-05-01,21.0,88.0,0.09422112
2024-05-01,21.25,87.0,0.06356655
2024-05-01,20.25,87.75,0.06467704
2024-05-01,20.5,89.0,0.067172505
2024-05-01,21.0,89.0,0.065301925
2024-05-01,20.25,87.5,0.0741944
2024-05-01,21.5,89.75,0.06758746
2024-05-01,21.0,87.0,0.107965425
2024-05-01,20.75,89.0,0.06738743
2024-05-01,21.75,90.0,0.104508005
2024-05-01,20.75,89.25,0.059932597
2024-05-01,21.0,88.25,0.08515503
2024-05-01,20.0,91.0,0.049152985
2024-05-01,21.0,90.75,0.06284698
2024-05-01,20.0,87.75,0.058319267
2024-05-01,21.0,88.5,0.07897636
2024-05-01,20.0,89.5,0.051912874
2024-05-01,20.5,90.0,0.056700144
2024-05-01,21.75,87.75,0.08367392
2024-05-01,20.0,87.25,0.06581564
2024-05-01,20.0,89.75,0.049805675
2024-05-01,21.0,88.75,0.07166992
2024-05-01,20.0,89.25,0.0546664
2024-05-01,20.75,91.0,0.05265426
2024-05-01,20.75,90.0,0.054005194
2024-05-01,21.75,88.0,0.07229212
2024-05-01,22.0,90.75,0.36221346
2024-05-01,20.0,89.0,0.05654823
2024-05-01,20.5,90.25,0.05610556
2024-05-01,21.25,89.0,0.0668016
2024-05-01,21.75,90.5,0.33146557
2024-05-01,20.75,89.75,0.052817527
2024-05-01,21.5,91.0,0.22828868
2024-05-01,20.5,89.5,0.058975913
2024-05-01,22.5,91.0,0.18640392
2024-05-01,21.0,91.0,0.057264194
2024-05-01,20.0,90.75,0.04811552
2024-05-01,20.5,90.5,0.056989357
2024-05-01,22.0,91.0,0.3743976
2024-05-01,21.5,90.5,0.3063882
2024-05-01,21.25,89.25,0.06463132
2024-05-01,20.0,90.5,0.047524363
2024-05-01,21.25,89.5,0.06425744
2024-05-01,21.5,90.75,0.23370121
2024-05-01,20.0,90.25,0.04685987
2024-05-01,20.75,90.25,0.0566692
2024-05-01,20.0,88.75,0.05802952
2024-05-01,20.0,90.0,0.046673365
2024-05-01,20.5,89.75,0.057469245
2024-05-01,20.75,89.5,0.053473137
2024-05-01,20.25,88.0,0.06038924
2024-05-01,22.5,90.75,0.17539413
2024-05-01,20.0,87.0,0.09800364
2024-05-01,20.25,90.5,0.052367542
2024-05-01,21.75,90.25,0.28271824
2024-05-01,20.0,87.5,0.058881998
2024-05-01,21.5,87.75,0.07086898
2024-05-01,21.0,87.5,0.10922957
2024-05-01,20.25,90.25,0.051501006
2024-05-01,20.75,87.75,0.09781342
2024-05-01,20.5,88.0,0.07491032
2024-05-01,21.25,90.5,0.1023487
2024-05-01,21.25,87.75,0.07372076
2024-05-01,21.5,88.0,0.07143704
2024-05-01,20.25,90.0,0.05316607
2024-05-01,21.0,89.75,0.05731189
2024-05-01,20.0,88.25,0.057505928
2024-05-01,21.75,90.75,0.34157068
2024-05-01,20.25,90.75,0.05316989
2024-05-01,21.5,87.5,0.05821652
2024-05-01,20.75,87.5,0.11358875
2024-05-01,20.0,88.0,0.05782306
2024-05-01,20.5,87.5,0.103090875
2024-05-01,21.25,90.75,0.075353816
2024-05-01,21.0,90.5,0.06521414
2024-05-01,22.25,91.0,0.35960343
2024-05-01,20.75,87.25,0.13604102
2024-05-01,20.5,87.25,0.12922236
2024-05-01,21.25,88.25,0.06524452
2024-05-01,21.5,88.25,0.06735105
2024-05-01,21.25,91.0,0.067184746
2024-05-01,21.25,88.0,0.07076809
2024-05-01,20.5,87.0,0.13083284
2024-05-01,20.75,90.75,0.05740328
2024-05-01,21.5,87.25,0.06625991
2024-05-01,20.75,87.0,0.114985324
2024-05-01,20.25,91.0,0.05340027
2024-05-01,20.5,87.75,0.08434602
2024-05-01,21.0,89.5,0.05762855
2024-05-01,20.25,89.75,0.05656112
2024-05-01,21.0,87.25,0.11496349
2024-05-01,21.25,87.5,0.07941993
2024-05-01,20.5,88.75,0.06903815
2024-05-01,21.25,88.5,0.063673824
2024-05-01,20.25,89.0,0.06138079
2024-05-01,21.0,87.75,0.10540223
2024-05-01,21.5,89.0,0.067142375
2024-05-01,20.5,88.25,0.071033
2024-05-01,20.75,90.5,0.059415072
2024-05-01,20.75,88.25,0.08123187
2024-05-01,21.5,88.75,0.06691485
2024-05-01,20.5,88.5,0.06979659
2024-05-01,20.25,88.5,0.062049
2024-05-01,21.0,89.25,0.06036906
2024-05-01,21.0,90.0,0.062283784
2024-05-01,20.25,89.25,0.05967228
2024-05-01,21.25,90.25,0.07488623
2024-05-01,21.25,87.25,0.087614685
2024-05-01,20.75,88.0,0.08590013
2024-05-01,21.75,89.75,0.08585229
2024-05-01,20.25,88.25,0.06027098
2024-05-01,21.5,89.25,0.062449165
2024-05-01,20.25,89.5,0.05874756
2024-05-01,20.75,88.5,0.07642485
2024-05-01,20.25,88.75,0.06223211
2024-05-01,21.0,90.25,0.065900266
2024-05-01,22.0,90.5,0.29723397
2024-05-01,21.5,88.5,0.057984345
2024-05-01,20.5,91.0,0.054425117
2024-06-01,21.0,89.5,0.061124835
2024-06-01,21.0,87.25,0.07486449
2024-06-01,21.0,88.0,0.056080543
2024-06-01,21.0,88.5,0.05672585
2024-06-01,21.0,89.25,0.05894759
2024-06-01,21.0,87.75,0.057155013
2024-06-01,21.0,87.0,0.086993314
2024-06-01,22.0,91.0,0.47804
2024-06-01,20.75,91.0,0.038463887
2024-06-01,21.0,90.25,0.06429536
2024-06-01,20.75,90.75,0.044998515
2024-06-01,20.75,90.25,0.04995409
2024-06-01,21.0,88.75,0.05727325
2024-06-01,21.0,87.5,0.06470544
2024-06-01,21.0,89.75,0.060931206
2024-06-01,20.75,90.5,0.050569084
2024-06-01,21.0,90.0,0.07075046
2024-06-01,20.0,87.0,0.07945404
2024-06-01,22.0,90.75,0.4770886
2024-06-01,21.0,89.0,0.058155995
2024-06-01,21.0,88.25,0.055716768
2024-06-01,20.5,88.75,0.049742542
2024-06-01,20.5,87.25,0.10432419
2024-06-01,22.5,91.0,0.26781425
2024-06-01,20.25,89.0,0.047483213
2024-06-01,20.25,89.25,0.047301807
2024-06-01,21.5,88.5,0.084130436
2024-06-01,20.25,89.5,0.046441786
2024-06-01,21.5,88.25,0.08758091
2024-06-01,21.75,89.75,0.11308079
2024-06-01,20.25,89.75,0.045383725
2024-06-01,20.0,88.25,0.0459092
2024-06-01,20.25,90.0,0.04343825
2024-06-01,21.5,88.0,0.084053196
2024-06-01,20.25,90.25,0.04087304
2024-06-01,21.5,87.75,0.08045644
2024-06-01,20.25,90.5,0.040480264
2024-06-01,21.5,88.75,0.067882925
2024-06-01,21.5,87.5,0.077383764
2024-06-01,20.25,91.0,0.038862444
2024-06-01,21.5,87.25,0.099797174
2024-06-01,20.5,87.0,0.11039399
2024-06-01,21.25,91.0,0.09108639
2024-06-01,21.0,90.5,0.071311906
2024-06-01,22.25,91.0,0.4373929
2024-06-01,20.5,87.5,0.08223291
2024-06-01,21.25,90.75,0.09513084
2024-06-01,20.0,88.0,0.045965824
2024-06-01,20.5,88.0,0.06065541
2024-06-01,21.25,90.5,0.12490622
2024-06-01,20.5,88.25,0.054890692
2024-06-01,21.25,90.25,0.13382211
2024-06-01,20.5,88.5,0.051248662
2024-06-01,20.25,90.75,0.039767828
2024-06-01,21.25,90.0,0.13674757
2024-06-01,20.25,88.75,0.04804403
2024-06-01,20.25,88.5,0.04863514
2024-06-01,20.0,89.0,0.047208592
2024-06-01,21.75,88.0,0.10318758
2024-06-01,20.0,89.25,0.047027823
2024-06-01,21.75,87.75,0.13006935
2024-06-01,20.0,89.5,0.046685155
2024-06-01,20.0,89.75,0.045486365
2024-06-01,21.5,91.0,0.38431498
2024-06-01,20.0,88.75,0.04767876
2024-06-01,20.0,90.0,0.043571126
2024-06-01,20.0,90.25,0.04145261
2024-06-01,21.5,90.75,0.37955603
2024-06-01,20.0,90.5,0.039921023
2024-06-01,21.5,90.5,0.4669612
2024-06-01,20.0,90.75,0.040635467
2024-06-01,21.5,89.0,0.062105764
2024-06-01,21.5,90.25,0.32293642
2024-06-01,20.25,87.0,0.10651551
2024-06-01,21.5,90.0,0.120020226
2024-06-01,21.75,89.5,0.08235619
2024-06-01,20.25,87.25,0.08808107
2024-06-01,21.5,89.75,0.07577694
2024-06-01,20.25,87.5,0.06666138
2024-06-01,21.75,91.0,0.47246066
2024-06-01,20.0,88.5,0.046625614
2024-06-01,20.25,87.75,0.058852635
2024-06-01,21.5,89.5,0.061900567
2024-06-01,22.5,90.75,0.21692944
2024-06-01,20.25,88.0,0.052236192
2024-06-01,21.5,89.25,0.06482956
2024-06-01,20.25,88.25,0.049204208
2024-06-01,20.0,91.0,0.04105707
2024-06-01,20.5,89.0,0.04896361
2024-06-01,20.5,87.75,0.069350086
2024-06-01,22.0,90.5,0.42942223
2024-06-01,20.75,89.25,0.04983082
2024-06-01,21.25,87.75,0.057649408
2024-06-01,20.5,90.75,0.03869935
2024-06-01,21.25,87.0,0.048357386
2024-06-01,21.25,88.5,0.061147794
2024-06-01,20.5,91.0,0.036973458
2024-06-01,20.75,89.0,0.05264349
2024-06-01,20.75,88.75,0.053058963
2024-06-01,21.25,87.25,0.052801922
2024-06-01,22.25,90.75,0.43177566
2024-06-01,20.5,90.5,0.04261016
2024-06-01,20.75,87.0,0.11054417
2024-06-01,21.75,90.25,0.42992294
2024-06-01,20.75,87.25,0.10242499
2024-06-01,21.75,90.0,0.18638489
2024-06-01,20.75,88.5,0.05562698
2024-06-01,21.25,88.0,0.061063312
2024-06-01,20.75,87.5,0.07894184
2024-06-01,20.75,88.25,0.055673204
2024-06-01,20.0,87.5,0.05124149
2024-06-01,20.75,87.75,0.06255185
2024-06-01,21.25,87.5,0.052219946
2024-06-01,21.25,88.25,0.06142974
2024-06-01,21.25,89.0,0.056856766
2024-06-01,21.25,88.75,0.05767433
2024-06-01,20.5,90.25,0.041934095
2024-06-01,20.75,90.0,0.049286127
2024-06-01,21.75,90.75,0.47280434
2024-06-01,20.75,89.75,0.048546083
2024-06-01,20.5,89.25,0.04723028
2024-06-01,21.25,89.75,0.09636526
2024-06-01,20.5,89.5,0.044618808
2024-06-01,20.0,87.25,0.056289244
2024-06-01,21.0,90.75,0.05995103
2024-06-01,21.25,89.5,0.070395894
2024-06-01,20.5,89.75,0.04474304
2024-06-01,20.0,87.75,0.049609717
2024-06-01,20.75,88.0,0.05691252
2024-06-01,20.75,89.5,0.047619104
2024-06-01,21.75,90.5,0.47214404
2024-06-01,21.0,91.0,0.046445765
2024-06-01,21.25,89.25,0.060411286
2024-06-01,20.5,90.0,0.04347231
2024-07-01,21.75,90.5,0.47804
2024-07-01,21.25,87.5,0.056728486
2024-07-01,21.0,91.0,0.044165548
2024-07-01,21.75,88.0,0.13574609
2024-07-01,21.5,90.5,0.47804
2024-07-01,21.5,89.75,0.15151624
2024-07-01,21.0,90.25,0.084795676
2024-07-01,21.5,90.75,0.47508648
2024-07-01,21.25,87.0,0.053427197
2024-07-01,21.75,87.75,0.19813688
2024-07-01,21.25,87.25,0.05414377
2024-07-01,21.5,90.25,0.4283367
2024-07-01,21.0,90.75,0.04663399
2024-07-01,21.0,88.75,0.090953805
2024-07-01,21.5,90.0,0.22414811
2024-07-01,21.75,89.5,0.22581287
2024-07-01,21.5,91.0,0.4601957
2024-07-01,21.75,90.25,0.46300322
2024-07-01,21.5,89.5,0.11775343
2024-07-01,21.75,89.75,0.2596254
2024-07-01,21.5,87.25,0.08963421
2024-07-01,21.25,89.25,0.11063329
2024-07-01,21.25,91.0,0.12962686
2024-07-01,21.0,89.5,0.09840511
2024-07-01,21.0,89.75,0.1031815
2024-07-01,21.25,89.0,0.092183456
2024-07-01,21.25,90.75,0.14286739
2024-07-01,22.0,90.5,0.45388797
2024-07-01,21.25,90.5,0.19496837
2024-07-01,21.25,90.25,0.24010183
2024-07-01,21.75,90.0,0.32590643
2024-07-01,21.25,89.75,0.16145153
2024-07-01,21.25,90.0,0.21628343
2024-07-01,21.25,89.5,0.12995978
2024-07-01,21.0,89.0,0.0935153
2024-07-01,21.5,87.5,0.118865505
2024-07-01,21.25,88.75,0.0866267
2024-07-01,21.25,87.75,0.08185035
2024-07-01,21.75,91.0,0.47804
2024-07-01,21.5,89.25,0.09667576
2024-07-01,21.25,88.0,0.09784414
2024-07-01,21.5,89.0,0.0795081
2024-07-01,21.5,88.75,0.08445776
2024-07-01,21.5,87.75,0.14393276
2024-07-01,21.5,88.5,0.10657814
2024-07-01,22.0,90.75,0.47804
2024-07-01,21.5,88.25,0.12746912
2024-07-01,21.0,90.0,0.0982587
2024-07-01,21.0,89.25,0.09867742
2024-07-01,21.25,88.5,0.0975414
2024-07-01,21.5,88.0,0.13805096
2024-07-01,21.25,88.25,0.09932486
2024-07-01,21.0,90.5,0.057773743
2024-07-01,21.75,90.75,0.47804
2024-07-01,20.25,89.75,0.052328296
2024-07-01,20.5,90.0,0.049144644
2024-07-01,20.25,90.0,0.04999928
2024-07-01,20.75,87.5,0.05991205
2024-07-01,20.0,91.0,0.042209562
2024-07-01,20.75,89.75,0.0651694
2024-07-01,21.0,87.0,0.11340537
2024-07-01,20.5,89.75,0.05332243
2024-07-01,20.25,90.25,0.047221858
2024-07-01,20.25,88.75,0.068199925
2024-07-01,21.0,87.25,0.067375176
2024-07-01,20.75,87.75,0.055186745
2024-07-01,20.5,89.5,0.05527353
2024-07-01,22.5,91.0,0.30420652
2024-07-01,20.0,88.25,0.06803813
2024-07-01,20.25,87.5,0.05445631
2024-07-01,20.5,91.0,0.039919026
2024-07-01,20.5,89.25,0.065490805
2024-07-01,20.0,90.75,0.0449133
2024-07-01,20.0,89.75,0.053502128
2024-07-01,20.0,89.0,0.060731415
2024-07-01,21.0,87.5,0.052746743
2024-07-01,20.75,90.0,0.052355003
2024-07-01,20.0,87.25,0.055391464
2024-07-01,22.25,90.75,0.45164418
2024-07-01,20.0,88.0,0.05940845
2024-07-01,20.75,90.25,0.046661336
2024-07-01,20.25,89.25,0.060308643
2024-07-01,22.0,91.0,0.47804
2024-07-01,20.75,90.5,0.039638676
2024-07-01,20.5,90.75,0.04054097
2024-07-01,20.75,87.0,0.13544409
2024-07-01,20.25,89.5,0.055677317
2024-07-01,20.75,90.75,0.037892036
2024-07-01,20.25,89.0,0.06891799
2024-07-01,20.0,89.25,0.058464166
2024-07-01,20.5,90.5,0.04172231
2024-07-01,20.25,87.0,0.09343721
2024-07-01,20.0,89.5,0.0563737
2024-07-01,20.5,90.25,0.04433115
2024-07-01,20.0,87.5,0.055228814
2024-07-01,20.75,87.25,0.08369237
2024-07-01,20.25,88.0,0.05747248
2024-07-01,20.75,91.0,0.03690072
2024-07-01,20.75,88.0,0.058967154
2024-07-01,20.25,87.25,0.06928972
2024-07-01,20.0,88.75,0.06728735
2024-07-01,20.5,87.75,0.055238474
2024-07-01,20.0,90.25,0.049920782
2024-07-01,20.0,87.75,0.05588815
2024-07-01,20.5,87.5,0.06333068
2024-07-01,20.5,88.25,0.059983358
2024-07-01,20.25,90.5,0.04421917
2024-07-01,21.0,88.0,0.07653194
2024-07-01,20.25,91.0,0.03958449
2024-07-01,20.5,88.0,0.0567884
2024-07-01,20.75,88.5,0.070114546
2024-07-01,20.75,88.75,0.074032605
2024-07-01,21.0,88.25,0.081950516
2024-07-01,20.75,89.25,0.070319735
2024-07-01,20.25,88.25,0.061402004
2024-07-01,20.25,87.75,0.05507516
2024-07-01,21.0,88.5,0.087711826
2024-07-01,20.0,87.0,0.07137351
2024-07-01,20.25,90.75,0.040978402
2024-07-01,20.5,89.0,0.06610798
2024-07-01,22.25,91.0,0.45374873
2024-07-01,20.0,90.0,0.051551983
2024-07-01,20.75,89.5,0.06628049
2024-07-01,22.5,90.75,0.2629938
2024-07-01,20.5,88.75,0.064439856
2024-07-01,20.25,88.5,0.06496185
2024-07-01,20.75,88.25,0.06395424
2024-07-01,20.0,90.5,0.046583872
2024-07-01,21.0,87.75,0.056208238
2024-07-01,20.5,87.25,0.08361384
2024-07-01,20.75,89.0,0.072603695
2024-07-01,20.5,88.5,0.062755525
2024-07-01,20.0,88.5,0.07043501
2024-07-01,20.5,87.0,0.108148605
2024-08-01,20.75,87.0,0.17873466
2024-08-01,22.5,91.0,0.31222245
2024-08-01,20.25,88.0,0.052542645
2024-08-01,20.25,89.0,0.0588178
2024-08-01,21.5,89.25,0.08537989
2024-08-01,21.25,88.25,0.1346218
2024-08-01,20.75,88.75,0.08696089
2024-08-01,20.75,88.0,0.059717625
2024-08-01,21.75,90.0,0.29798758
2024-08-01,21.5,89.0,0.09932619
2024-08-01,21.75,91.0,0.47804
2024-08-01,21.25,87.5,0.06817268
2024-08-01,20.0,87.75,0.055924546
2024-08-01,21.25,87.75,0.11947615
2024-08-01,20.25,88.75,0.05651959
2024-08-01,21.25,87.25,0.0626537
2024-08-01,20.75,87.5,0.071354724
2024-08-01,20.25,88.25,0.05527202
2024-08-01,20.0,89.25,0.05646564
2024-08-01,21.25,88.0,0.14733441
2024-08-01,21.5,88.75,0.12121698
2024-08-01,20.75,87.25,0.12502651
2024-08-01,20.75,88.5,0.08520056
2024-08-01,20.75,88.25,0.07232147
2024-08-01,20.75,87.75,0.052238557
2024-08-01,20.25,88.5,0.05561462
2024-08-01,21.5,88.5,0.11960231
2024-08-01,21.25,89.75,0.13059527
2024-08-01,20.5,89.0,0.06233197
2024-08-01,20.25,90.5,0.047206447
2024-08-01,20.5,88.75,0.062497474
2024-08-01,21.25,90.0,0.16880108
2024-08-01,21.5,87.5,0.16084799
2024-08-01,20.0,88.75,0.053356253
2024-08-01,20.5,88.5,0.063044846
2024-08-01,20.25,90.75,0.046206333
2024-08-01,21.25,90.25,0.23522678
2024-08-01,20.0,88.5,0.052920464
2024-08-01,20.5,88.25,0.059039634
2024-08-01,20.5,88.0,0.053006504
2024-08-01,21.25,90.5,0.29963017
2024-08-01,21.5,87.25,0.08614568
2024-08-01,20.25,91.0,0.046299145
2024-08-01,20.5,87.75,0.058590822
2024-08-01,22.25,91.0,0.45333245
2024-08-01,20.5,87.0,0.1478401
2024-08-01,20.5,87.5,0.08918015
2024-08-01,21.25,90.75,0.21514057
2024-08-01,21.75,89.5,0.27165902
2024-08-01,20.5,87.25,0.12992495
2024-08-01,20.0,88.25,0.05311681
2024-08-01,20.5,91.0,0.050291657
2024-08-01,20.5,89.25,0.060507216
2024-08-01,20.5,89.5,0.05384245
2024-08-01,21.25,88.5,0.12069407
2024-08-01,20.25,89.25,0.059584875
2024-08-01,20.0,88.0,0.05196419
2024-08-01,20.5,90.75,0.05505567
2024-08-01,22.25,90.75,0.44813094
2024-08-01,20.5,90.5,0.056918386
2024-08-01,21.25,88.75,0.12213198
2024-08-01,20.25,89.5,0.057314873
2024-08-01,21.5,88.25,0.18062861
2024-08-01,20.5,90.25,0.058041565
2024-08-01,20.0,89.0,0.052519117
2024-08-01,21.25,89.0,0.11217817
2024-08-01,20.25,89.75,0.057792738
2024-08-01,21.75,88.0,0.17684762
2024-08-01,20.5,90.0,0.053713784
2024-08-01,21.25,89.25,0.10298673
2024-08-01,21.5,88.0,0.21139072
2024-08-01,20.25,90.0,0.05701332
2024-08-01,22.0,90.5,0.4609694
2024-08-01,20.5,89.75,0.054425046
2024-08-01,21.25,89.5,0.11312863
2024-08-01,20.25,90.25,0.054025758
2024-08-01,21.75,89.75,0.29908976
2024-08-01,21.5,87.75,0.20554654
2024-08-01,21.75,87.75,0.28686333
2024-08-01,21.25,91.0,0.17582028
2024-08-01,21.25,87.0,0.06917337
2024-08-01,21.0,89.0,0.1264044
2024-08-01,21.0,87.5,0.056457397
2024-08-01,21.5,91.0,0.47508645
2024-08-01,20.75,90.5,0.08497114
2024-08-01,20.0,90.25,0.05574958
2024-08-01,20.25,87.5,0.07824267
2024-08-01,22.5,90.75,0.25669244
2024-08-01,20.25,87.0,0.13775972
2024-08-01,21.5,90.25,0.39943913
2024-08-01,21.0,90.25,0.13887052
2024-08-01,21.0,90.75,0.10807881
2024-08-01,21.0,87.75,0.06495213
2024-08-01,20.0,90.5,0.04922193
2024-08-01,21.5,90.0,0.20331697
2024-08-01,21.5,89.75,0.15984255
2024-08-01,21.0,89.25,0.12561937
2024-08-01,20.0,87.25,0.08335748
2024-08-01,20.0,89.5,0.05886169
2024-08-01,20.0,90.75,0.045954634
2024-08-01,20.0,87.5,0.06714709
2024-08-01,21.75,90.75,0.47804
2024-08-01,21.5,90.5,0.47804
2024-08-01,20.75,90.0,0.07128497
2024-08-01,21.0,90.5,0.14172246
2024-08-01,21.0,89.5,0.11804658
2024-08-01,20.75,90.25,0.088949025
2024-08-01,22.0,91.0,0.47804
2024-08-01,20.25,87.25,0.111389525
2024-08-01,20.75,89.75,0.07237753
2024-08-01,21.0,88.0,0.11215905
2024-08-01,21.0,87.0,0.15706708
2024-08-01,21.0,87.25,0.08879656
2024-08-01,21.0,88.75,0.12726435
2024-08-01,20.0,90.0,0.058862075
2024-08-01,21.75,90.25,0.46189484
2024-08-01,20.75,89.5,0.075996816
2024-08-01,20.0,87.0,0.10940667
2024-08-01,20.75,89.25,0.08425679
2024-08-01,20.25,87.75,0.05754761
2024-08-01,21.75,90.5,0.47804
2024-08-01,20.0,89.75,0.05843361
2024-08-01,21.0,88.5,0.12703995
2024-08-01,21.5,89.5,0.117581084
2024-08-01,22.0,90.75,0.47804
2024-08-01,20.0,91.0,0.044160027
2024-08-01,21.0,91.0,0.0896675
2024-08-01,20.75,90.75,0.07115904
2024-08-01,21.0,88.25,0.12356146
2024-08-01,21.0,90.0,0.1185336
2024-08-01,20.75,91.0,0.061500344
2024-08-01,21.0,89.75,0.11175472
2024-08-01,20.75,89.0,0.085109286
2024-08-01,21.5,90.75,0.47383818
2024-09-01,20.5,90.0,0.043410998
2024-09-01,20.75,91.0,0.04167229
2024-09-01,20.5,89.25,0.046221532
2024-09-01,21.0,89.5,0.11555689
2024-09-01,21.5,87.75,0.2139963
2024-09-01,20.25,89.75,0.041437447
2024-09-01,22.0,90.5,0.44152138
2024-09-01,20.25,90.0,0.04239785
2024-09-01,22.0,90.75,0.47804
2024-09-01,21.25,89.5,0.15759513
2024-09-01,21.5,90.25,0.42008242
2024-09-01,21.5,88.0,0.17649303
2024-09-01,20.5,89.5,0.04562368
2024-09-01,20.0,91.0,0.045606777
2024-09-01,21.75,89.75,0.2899181
2024-09-01,21.0,87.0,0.11278905
2024-09-01,21.25,89.25,0.14329046
2024-09-01,21.0,89.75,0.115508154
2024-09-01,21.75,90.5,0.47804
2024-09-01,20.5,89.75,0.04402735
2024-09-01,20.0,90.75,0.044860113
2024-09-01,21.75,88.0,0.17087299
2024-09-01,21.5,90.5,0.47804
2024-09-01,21.25,89.75,0.17889291
2024-09-01,21.5,90.75,0.45808297
2024-09-01,21.25,90.5,0.20131741
2024-09-01,21.5,87.25,0.09395639
2024-09-01,20.25,91.0,0.043367896
2024-09-01,20.5,87.75,0.069946125
2024-09-01,21.0,88.25,0.13363889
2024-09-01,20.0,87.0,0.06963677
2024-09-01,20.5,87.5,0.07262798
2024-09-01,20.0,90.0,0.041941743
2024-09-01,21.0,88.75,0.1334064
2024-09-01,21.25,90.75,0.1709823
2024-09-01,20.5,87.0,0.113915354
2024-09-01,21.75,89.5,0.2755678
2024-09-01,20.5,87.25,0.08544941
2024-09-01,21.0,88.5,0.13685724
2024-09-01,20.0,89.75,0.040769313
2024-09-01,20.0,88.5,0.045173947
2024-09-01,21.0,88.0,0.12124155
2024-09-01,20.5,88.0,0.069875106
2024-09-01,22.25,91.0,0.45003983
2024-09-01,21.0,89.0,0.131656
2024-09-01,20.25,90.25,0.04301685
2024-09-01,20.0,88.25,0.049011465
2024-09-01,21.0,87.5,0.0733339
2024-09-01,20.5,89.0,0.047909793
2024-09-01,20.0,90.5,0.043939948
2024-09-01,20.25,90.5,0.04153526
2024-09-01,20.5,88.75,0.054873228
2024-09-01,21.25,90.0,0.20318526
2024-09-01,21.0,87.25,0.073965274
2024-09-01,20.0,88.75,0.04319207
2024-09-01,21.0,89.25,0.12776166
2024-09-01,20.5,88.5,0.06391096
2024-09-01,21.0,87.75,0.08546317
2024-09-01,21.5,91.0,0.45389417
2024-09-01,20.0,90.25,0.044029295
2024-09-01,21.25,90.25,0.21838383
2024-09-01,20.25,90.75,0.042029627
2024-09-01,20.5,88.25,0.06994164
2024-09-01,21.5,87.5,0.1634274
2024-09-01,21.25,87.0,0.056057453
2024-09-01,21.25,89.0,0.12428202
2024-09-01,21.5,89.75,0.16592114
2024-09-01,21.5,88.75,0.117476396
2024-09-01,21.75,90.0,0.325866
2024-09-01,22.0,91.0,0.47804
2024-09-01,20.75,88.25,0.092081904
2024-09-01,21.0,90.5,0.06875191
2024-09-01,20.75,87.0,0.1401424
2024-09-01,20.75,89.25,0.06311444
2024-09-01,20.25,88.25,0.056803145
2024-09-01,21.0,91.0,0.063992806
2024-09-01,22.5,91.0,0.27507827
2024-09-01,20.25,87.25,0.073446944
2024-09-01,21.25,88.25,0.1426204
2024-09-01,21.75,90.25,0.46166065
2024-09-01,20.75,88.0,0.08356342
2024-09-01,20.75,90.0,0.05635076
2024-09-01,21.25,88.0,0.14391504
2024-09-01,21.5,89.5,0.14275773
2024-09-01,20.75,87.25,0.089054696
2024-09-01,21.5,89.0,0.100447886
2024-09-01,20.25,87.5,0.0613799
2024-09-01,21.25,91.0,0.1705635
2024-09-01,20.75,87.75,0.07475651
2024-09-01,21.0,90.75,0.06767838
2024-09-01,21.25,87.75,0.1296846
2024-09-01,20.25,88.5,0.0497082
2024-09-01,20.0,87.75,0.054821443
2024-09-01,20.0,89.25,0.041103177
2024-09-01,21.75,90.75,0.47804
2024-09-01,20.25,88.75,0.044619504
2024-09-01,21.25,87.5,0.09564809
2024-09-01,20.75,87.5,0.07459049
2024-09-01,21.75,91.0,0.47804
2024-09-01,20.75,89.75,0.059132706
2024-09-01,21.25,87.25,0.0728939
2024-09-01,20.5,91.0,0.04067288
2024-09-01,20.25,89.0,0.04245156
2024-09-01,22.5,90.75,0.27088603
2024-09-01,20.75,90.25,0.053579636
2024-09-01,21.25,88.75,0.13058396
2024-09-01,20.0,87.25,0.058694374
2024-09-01,20.25,89.5,0.041635167
2024-09-01,20.75,88.75,0.08611927
2024-09-01,21.75,87.75,0.26947495
2024-09-01,20.0,89.0,0.041608095
2024-09-01,20.0,89.5,0.0409319
2024-09-01,22.25,90.75,0.4554957
2024-09-01,20.25,88.0,0.059354704
2024-09-01,21.5,88.25,0.14969875
2024-09-01,20.0,87.5,0.055591624
2024-09-01,21.0,90.0,0.09259248
2024-09-01,20.5,90.25,0.042665858
2024-09-01,20.75,90.75,0.04620118
2024-09-01,20.5,90.5,0.041722752
2024-09-01,21.5,90.0,0.23076208
2024-09-01,20.75,89.5,0.05939602
2024-09-01,20.25,87.0,0.08825903
2024-09-01,20.0,88.0,0.052710887
2024-09-01,20.75,90.5,0.048157923
2024-09-01,20.5,90.75,0.040665027
2024-09-01,20.75,88.5,0.09456233
2024-09-01,20.75,89.0,0.07221765
2024-09-01,20.25,87.75,0.058908705
2024-09-01,20.25,89.25,0.041873373
2024-09-01,21.25,88.5,0.13927476
2024-09-01,21.0,90.25,0.08134721
2024-09-01,21.5,88.5,0.13176318
2024-09-01,21.5,89.25,0.10951306
2024-10-01,21.75,87.75,0.20362268
2024-10-01,20.0,90.0,0.047932435
2024-10-01,21.5,89.0,0.068239
2024-10-01,20.25,88.0,0.05356895
2024-10-01,20.0,88.5,0.048806198
2024-10-01,20.0,89.25,0.047979917
2024-10-01,21.5,87.25,0.08213687
2024-10-01,20.25,91.0,0.041784033
2024-10-01,21.5,89.25,0.07389162
2024-10-01,21.5,89.5,0.09863804
2024-10-01,20.25,87.75,0.054456767
2024-10-01,20.25,88.25,0.052714236
2024-10-01,21.25,91.0,0.16244996
2024-10-01,20.5,87.0,0.07783659
2024-10-01,21.5,90.75,0.3848464
2024-10-01,22.5,90.75,0.26206645
2024-10-01,20.25,90.75,0.04208214
2024-10-01,20.25,87.0,0.062286027
2024-10-01,20.0,90.75,0.04407721
2024-10-01,21.5,87.75,0.17381878
2024-10-01,21.5,90.25,0.29380926
2024-10-01,21.75,88.0,0.14935347
2024-10-01,20.25,89.25,0.050668545
2024-10-01,21.5,88.5,0.099045485
2024-10-01,20.25,90.0,0.044549987
2024-10-01,21.5,90.0,0.14703956
2024-10-01,20.25,89.5,0.047437016
2024-10-01,21.5,88.0,0.15015566
2024-10-01,21.5,88.25,0.12892026
2024-10-01,20.0,91.0,0.04341523
2024-10-01,20.25,89.75,0.045767598
2024-10-01,20.0,89.0,0.049492154
2024-10-01,20.25,87.5,0.052590586
2024-10-01,21.75,91.0,0.4751634
2024-10-01,20.0,90.5,0.04637888
2024-10-01,20.0,90.25,0.046984777
2024-10-01,20.25,88.5,0.052446637
2024-10-01,21.5,91.0,0.37789884
2024-10-01,22.25,91.0,0.4392878
2024-10-01,20.25,88.75,0.05278978
2024-10-01,21.5,87.5,0.12695701
2024-10-01,20.25,89.0,0.051940087
2024-10-01,20.0,89.5,0.04645356
2024-10-01,21.5,88.75,0.084956646
2024-10-01,20.25,90.5,0.04218209
2024-10-01,21.5,89.75,0.11839738
2024-10-01,20.0,88.75,0.048969064
2024-10-01,20.25,90.25,0.042200297
2024-10-01,20.25,87.25,0.055827986
2024-10-01,21.5,90.5,0.4609122
2024-10-01,20.75,89.75,0.0558773
2024-10-01,20.0,89.75,0.047237214
2024-10-01,20.5,87.25,0.05726515
2024-10-01,20.75,89.0,0.06973986
2024-10-01,21.25,87.0,0.04529294
2024-10-01,20.0,87.5,0.052202918
2024-10-01,20.75,88.75,0.07151293
2024-10-01,20.75,88.5,0.07142668
2024-10-01,21.25,87.25,0.0546109
2024-10-01,20.75,88.25,0.06875896
2024-10-01,21.25,87.5,0.06934861
2024-10-01,20.75,88.0,0.06262525
2024-10-01,20.0,87.75,0.051827416
2024-10-01,21.25,87.75,0.10157479
2024-10-01,21.75,90.75,0.4771832
2024-10-01,20.75,87.5,0.050496046
2024-10-01,20.75,87.25,0.05864634
2024-10-01,21.25,88.0,0.113916524
2024-10-01,21.75,90.0,0.20720167
2024-10-01,20.75,87.0,0.09461243
2024-10-01,21.25,88.25,0.10752027
2024-10-01,20.5,91.0,0.03905557
2024-10-01,20.5,90.75,0.039415695
2024-10-01,21.25,88.5,0.10359174
2024-10-01,20.5,90.5,0.040679906
2024-10-01,21.25,88.75,0.09057233
2024-10-01,20.0,88.0,0.05116146
2024-10-01,22.0,90.5,0.40952924
2024-10-01,20.5,90.25,0.04341993
2024-10-01,22.25,90.75,0.4517588
2024-10-01,21.75,90.25,0.4129873
2024-10-01,21.25,89.0,0.078962736
2024-10-01,21.0,91.0,0.059103545
2024-10-01,20.75,89.5,0.055409078
2024-10-01,21.0,88.5,0.094527334
2024-10-01,21.0,88.75,0.093684405
2024-10-01,21.0,88.25,0.092007145
2024-10-01,20.0,87.0,0.05578404
2024-10-01,21.0,88.0,0.0874062
2024-10-01,21.0,89.0,0.09428707
2024-10-01,21.0,87.75,0.06420471
2024-10-01,21.0,89.25,0.09472927
2024-10-01,22.0,90.75,0.47737396
2024-10-01,21.0,87.5,0.05091154
2024-10-01,21.0,87.25,0.04871214
2024-10-01,21.0,89.5,0.09241199
2024-10-01,21.75,90.5,0.469957
2024-10-01,21.0,87.0,0.075467326
2024-10-01,21.0,89.75,0.09356115
2024-10-01,20.75,91.0,0.039735224
2024-10-01,20.75,90.75,0.04128967
2024-10-01,21.0,90.0,0.08811335
2024-10-01,20.0,87.25,0.052297745
2024-10-01,20.75,90.5,0.044579744
2024-10-01,21.0,90.25,0.08154664
2024-10-01,20.75,90.25,0.04950925
2024-10-01,22.5,91.0,0.23625855
2024-10-01,20.75,90.0,0.05628164
2024-10-01,21.0,90.5,0.07805922
2024-10-01,22.0,91.0,0.47804
2024-10-01,21.0,90.75,0.06941816
2024-10-01,20.75,89.25,0.064543754
2024-10-01,20.5,90.0,0.04553325
2024-10-01,20.75,87.75,0.053935822
2024-10-01,21.25,90.5,0.1954297
2024-10-01,21.25,90.25,0.19323179
2024-10-01,20.5,88.25,0.05788187
2024-10-01,21.75,89.5,0.1931111
2024-10-01,20.5,89.0,0.05686446
2024-10-01,21.75,89.75,0.20173363
2024-10-01,20.5,89.75,0.045865305
2024-10-01,20.0,88.25,0.0501199
2024-10-01,20.5,88.5,0.05749999
2024-10-01,20.5,89.5,0.047862694
2024-10-01,20.5,87.5,0.05198788
2024-10-01,21.25,89.5,0.10017442
2024-10-01,21.25,90.75,0.17422839
2024-10-01,21.25,90.0,0.1671864
2024-10-01,20.5,88.0,0.057944447
2024-10-01,20.5,88.75,0.05793108
2024-10-01,20.5,89.25,0.052575838
2024-10-01,21.25,89.75,0.121874474
2024-10-01,21.25,89.25,0.09420479
2024-10-01,20.5,87.75,0.055899933
2024-11-01,20.0,87.25,0.0720439
2024-11-01,21.0,90.0,0.0550914
2024-11-01,20.5,88.0,0.06293323
2024-11-01,20.25,90.75,0.039622724
2024-11-01,21.0,90.25,0.04745368
2024-11-01,20.25,87.0,0.061449595
2024-11-01,20.75,90.5,0.04328612
2024-11-01,20.75,90.25,0.043817196
2024-11-01,20.75,90.75,0.04587854
2024-11-01,21.5,90.0,0.10555259
2024-11-01,21.5,89.75,0.07825992
2024-11-01,20.75,90.0,0.044911515
2024-11-01,20.5,88.25,0.06259931
2024-11-01,20.0,91.0,0.037529346
2024-11-01,21.0,90.5,0.05180975
2024-11-01,20.75,89.75,0.047711298
2024-11-01,20.25,87.25,0.06439408
2024-11-01,20.5,88.5,0.06279154
2024-11-01,21.0,90.75,0.055862274
2024-11-01,20.75,89.5,0.0522894
2024-11-01,20.25,87.5,0.06684509
2024-11-01,20.0,89.25,0.051366046
2024-11-01,22.0,91.0,0.40656817
2024-11-01,21.75,90.25,0.29035324
2024-11-01,21.5,89.5,0.06769286
2024-11-01,21.25,90.25,0.10597303
2024-11-01,21.5,87.25,0.051627852
2024-11-01,22.25,90.75,0.39744404
2024-11-01,20.75,91.0,0.04584269
2024-11-01,21.0,87.75,0.06140976
2024-11-01,20.0,90.25,0.049397927
2024-11-01,22.0,90.75,0.38846797
2024-11-01,20.0,87.0,0.06897419
2024-11-01,21.0,89.0,0.063743554
2024-11-01,20.5,87.5,0.061085872
2024-11-01,21.0,88.0,0.068325564
2024-11-01,21.5,90.75,0.25826362
2024-11-01,21.25,90.75,0.10388175
2024-11-01,20.0,90.0,0.04980343
2024-11-01,21.0,88.75,0.06456188
2024-11-01,20.5,87.25,0.05658292
2024-11-01,21.0,88.25,0.06833783
2024-11-01,21.25,91.0,0.11729712
2024-11-01,21.0,88.5,0.066900715
2024-11-01,22.5,91.0,0.22522625
2024-11-01,21.0,87.5,0.053367678
2024-11-01,21.5,91.0,0.26554397
2024-11-01,21.5,90.5,0.3357406
2024-11-01,22.5,90.75,0.24024203
2024-11-01,20.0,89.5,0.050558068
2024-11-01,20.75,89.25,0.055191126
2024-11-01,21.0,87.0,0.06307398
2024-11-01,21.25,90.5,0.11526628
2024-11-01,21.5,90.25,0.18998042
2024-11-01,20.0,90.75,0.04029179
2024-11-01,21.0,89.75,0.058841422
2024-11-01,21.75,90.5,0.3545784
2024-11-01,21.75,89.5,0.13176526
2024-11-01,20.5,87.75,0.06469106
2024-11-01,21.0,87.25,0.048791204
2024-11-01,20.0,90.5,0.047914956
2024-11-01,20.25,91.0,0.03710441
2024-11-01,21.0,89.25,0.061878886
2024-11-01,20.0,88.5,0.049880378
2024-11-01,21.0,89.5,0.059010252
2024-11-01,20.0,88.25,0.04914577
2024-11-01,21.25,90.0,0.10030209
2024-11-01,21.0,91.0,0.060898263
2024-11-01,21.75,88.0,0.12498998
2024-11-01,20.5,90.75,0.0405375
2024-11-01,21.5,88.5,0.07076954
2024-11-01,20.0,89.0,0.051903795
2024-11-01,20.5,91.0,0.04023666
2024-11-01,20.25,89.0,0.0509779
2024-11-01,21.25,88.25,0.08460634
2024-11-01,20.0,87.75,0.0511239
2024-11-01,20.75,87.0,0.074387126
2024-11-01,20.25,88.75,0.051919103
2024-11-01,20.0,88.75,0.051089663
2024-11-01,21.25,88.0,0.08967956
2024-11-01,21.5,88.0,0.13478497
2024-11-01,21.5,88.75,0.05820791
2024-11-01,21.25,89.5,0.066787735
2024-11-01,20.5,89.5,0.052874018
2024-11-01,20.75,87.25,0.053765323
2024-11-01,21.25,88.5,0.07367368
2024-11-01,20.25,89.25,0.050432447
2024-11-01,20.5,90.0,0.04653578
2024-11-01,20.25,89.75,0.052889425
2024-11-01,21.75,90.75,0.37929282
2024-11-01,21.25,89.0,0.0632446
2024-11-01,20.5,89.75,0.051752593
2024-11-01,20.25,89.5,0.052523885
2024-11-01,21.25,89.25,0.0654935
2024-11-01,20.5,90.25,0.046958227
2024-11-01,20.0,88.0,0.049681213
2024-11-01,21.5,88.25,0.11733112
2024-11-01,21.75,89.75,0.14515701
2024-11-01,21.75,91.0,0.3912865
2024-11-01,21.25,88.75,0.06455292
2024-11-01,20.25,90.0,0.051817313
2024-11-01,20.5,90.5,0.04163368
2024-11-01,22.0,90.5,0.30317166
2024-11-01,21.75,90.0,0.14003594
2024-11-01,21.5,87.75,0.123086266
2024-11-01,20.75,87.5,0.05398409
2024-11-01,21.75,87.75,0.14191553
2024-11-01,20.25,88.25,0.052817207
2024-11-01,20.0,89.75,0.050570432
2024-11-01,22.25,91.0,0.39753914
2024-11-01,20.75,88.25,0.0616011
2024-11-01,21.25,87.25,0.045633987
2024-11-01,20.25,88.0,0.054634918
2024-11-01,20.75,88.5,0.061667375
2024-11-01,21.5,89.25,0.059467137
2024-11-01,20.5,88.75,0.05994157
2024-11-01,20.75,88.75,0.059524633
2024-11-01,20.0,87.5,0.05848541
2024-11-01,21.25,87.0,0.042278577
2024-11-01,20.25,90.5,0.045732968
2024-11-01,20.25,87.75,0.05842723
2024-11-01,20.75,89.0,0.059483588
2024-11-01,21.5,87.5,0.07808326
2024-11-01,20.5,89.0,0.05557635
2024-11-01,21.25,87.5,0.05498817
2024-11-01,20.75,88.0,0.060146343
2024-11-01,20.5,89.25,0.050630633
2024-11-01,21.5,89.0,0.05680295
2024-11-01,20.25,90.25,0.049558062
2024-11-01,20.25,88.5,0.05251038
2024-11-01,21.25,87.75,0.07902779
2024-11-01,20.5,87.0,0.065060325
2024-11-01,21.25,89.75,0.07341123
2024-11-01,20.75,87.75,0.05817955
2024-12-01,21.75,89.75,0.1313176
2024-12-01,20.0,88.75,0.05659202
2024-12-01,20.0,88.5,0.052792713
2024-12-01,21.75,89.5,0.12472731
2024-12-01,21.75,90.0,0.12563936
2024-12-01,20.0,88.0,0.054215875
2024-12-01,20.0,88.25,0.05244315
2024-12-01,20.0,87.25,0.06286128
2024-12-01,21.75,90.5,0.2918145
2024-12-01,20.0,89.25,0.05736176
2024-12-01,20.0,87.0,0.07578558
2024-12-01,20.0,87.5,0.056648575
2024-12-01,20.0,89.5,0.05776959
2024-12-01,21.75,88.0,0.11322462
2024-12-01,21.75,87.75,0.12553848
2024-12-01,20.0,89.0,0.058858797
2024-12-01,20.0,87.75,0.056519013
2024-12-01,21.5,91.0,0.20322044
2024-12-01,21.75,90.25,0.22881088
2024-12-01,21.75,90.75,0.3013647
2024-12-01,21.0,88.5,0.060086116
2024-12-01,21.5,90.75,0.19933574
2024-12-01,20.75,88.5,0.057386845
2024-12-01,21.25,87.25,0.04865801
2024-12-01,20.75,88.25,0.0581388
2024-12-01,20.75,88.0,0.06076818
2024-12-01,21.25,87.5,0.053476136
2024-12-01,20.75,87.75,0.062852494
2024-12-01,21.25,87.75,0.07762888
2024-12-01,20.75,87.5,0.060830213
2024-12-01,20.75,87.25,0.058738805
2024-12-01,21.25,88.0,0.08664242
2024-12-01,20.75,87.0,0.070614114
2024-12-01,20.5,91.0,0.040794317
2024-12-01,20.75,88.75,0.056336485
2024-12-01,21.25,88.25,0.076209635
2024-12-01,20.5,90.75,0.040769614
2024-12-01,21.25,88.5,0.06498926
2024-12-01,20.5,90.5,0.042526685
2024-12-01,21.25,88.75,0.060102277
2024-12-01,20.5,90.25,0.04712708
2024-12-01,21.25,89.0,0.05829954
2024-12-01,20.5,90.0,0.04934105
2024-12-01,20.5,89.75,0.050486203
2024-12-01,21.25,89.25,0.058172863
2024-12-01,22.25,90.75,0.30493683
2024-12-01,20.5,89.5,0.051194888
2024-12-01,21.25,89.5,0.057792235
2024-12-01,22.0,90.5,0.25138998
2024-12-01,20.0,89.75,0.057720374
2024-12-01,21.25,87.0,0.046183597
2024-12-01,22.0,91.0,0.3214022
2024-12-01,21.0,88.25,0.061617568
2024-12-01,21.0,88.75,0.058750786
2024-12-01,22.0,90.75,0.3073868
2024-12-01,21.0,88.0,0.06366585
2024-12-01,21.0,89.0,0.05767313
2024-12-01,21.0,87.75,0.060266625
2024-12-01,21.0,87.5,0.054838885
2024-12-01,21.0,89.25,0.05749466
2024-12-01,21.0,87.25,0.051906854
2024-12-01,21.0,89.5,0.05575619
2024-12-01,21.0,87.0,0.06372522
2024-12-01,20.75,91.0,0.041715622
2024-12-01,20.75,89.0,0.0530503
2024-12-01,21.0,89.75,0.05918641
2024-12-01,20.75,90.75,0.042153966
2024-12-01,21.0,90.0,0.05862929
2024-12-01,20.75,90.5,0.042616773
2024-12-01,20.75,90.25,0.046579193
2024-12-01,21.0,90.25,0.051189177
2024-12-01,20.75,90.0,0.048881717
2024-12-01,21.0,90.5,0.050347973
2024-12-01,20.75,89.75,0.050592735
2024-12-01,20.75,89.5,0.04937003
2024-12-01,21.0,90.75,0.047707666
2024-12-01,20.75,89.25,0.05153809
2024-12-01,21.0,91.0,0.046645433
2024-12-01,22.5,91.0,0.23100531
2024-12-01,20.5,89.25,0.055647377
2024-12-01,20.5,87.5,0.07485472
2024-12-01,21.25,89.75,0.062430806
2024-12-01,20.25,89.75,0.057876177
2024-12-01,20.5,89.0,0.058538064
2024-12-01,20.25,89.5,0.057093587
2024-12-01,21.5,88.25,0.10417754
2024-12-01,20.25,89.25,0.060961995
2024-12-01,21.5,88.5,0.06025207
2024-12-01,20.25,89.0,0.06538147
2024-12-01,20.25,88.75,0.066272214
2024-12-01,21.5,88.75,0.053692643
2024-12-01,20.25,88.5,0.06257055
2024-12-01,21.5,89.0,0.054872245
2024-12-01,20.25,88.25,0.06092285
2024-12-01,20.25,88.0,0.062233217
2024-12-01,21.5,89.25,0.05666645
2024-12-01,20.25,87.75,0.06293326
2024-12-01,21.5,89.5,0.061388776
2024-12-01,20.25,87.5,0.064390086
2024-12-01,20.25,87.25,0.07659954
2024-12-01,21.5,89.75,0.06262759
2024-12-01,20.25,87.0,0.07946797
2024-12-01,21.5,90.0,0.07699157
2024-12-01,20.0,91.0,0.041298192
2024-12-01,20.0,90.75,0.04403092
2024-12-01,20.0,90.5,0.04800795
2024-12-01,21.75,91.0,0.3066701
2024-12-01,21.5,88.0,0.12808532
2024-12-01,20.25,90.0,0.052986704
2024-12-01,20.5,88.75,0.06621568
2024-12-01,21.25,90.0,0.07166194
2024-12-01,20.5,88.5,0.068426855
2024-12-01,20.5,88.25,0.068519816
2024-12-01,21.25,90.25,0.07493819
2024-12-01,20.5,88.0,0.06734267
2024-12-01,20.5,87.75,0.067961656
2024-12-01,21.25,90.5,0.07466284
2024-12-01,20.0,90.0,0.056352917
2024-12-01,21.25,90.75,0.06725904
2024-12-01,20.5,87.25,0.071063496
2024-12-01,21.5,90.25,0.13677336
2024-12-01,20.5,87.0,0.07004608
2024-12-01,20.25,91.0,0.041499708
2024-12-01,21.5,87.25,0.05112764
2024-12-01,20.25,90.75,0.04174874
2024-12-01,20.0,90.25,0.051847856
2024-12-01,20.25,90.5,0.043701746
2024-12-01,21.5,87.5,0.069648445
2024-12-01,20.25,90.25,0.048049044
2024-12-01,21.5,87.75,0.12024496
2024-12-01,21.5,90.5,0.27333388
2024-12-01,22.25,91.0,0.32051486
2024-12-01,21.25,91.0,0.07444714
2024-12-01,22.5,90.75,0.21664718
2025-01-01,22.5,90.75,0.18274383
2025-01-01,22.0,91.0,0.28667915
2025-01-01,21.75,91.0,0.2646033
2025-01-01,21.75,90.75,0.26301
2025-01-01,22.0,90.5,0.22760285
2025-01-01,22.0,90.75,0.26622963
2025-01-01,22.25,91.0,0.27773374
2025-01-01,22.25,90.75,0.26327226
2025-01-01,20.75,90.75,0.043151468
2025-01-01,21.75,90.25,0.17927639
2025-01-01,20.25,90.75,0.04289
2025-01-01,20.25,91.0,0.043197393
2025-01-01,20.5,87.0,0.06535923
2025-01-01,20.5,87.25,0.066209726
2025-01-01,20.5,87.5,0.07296115
2025-01-01,20.5,87.75,0.07512924
2025-01-01,20.5,88.0,0.06959533
2025-01-01,20.5,88.25,0.06365821
2025-01-01,20.5,88.5,0.061022837
2025-01-01,20.5,88.75,0.060088336
2025-01-01,20.5,89.0,0.0657664
2025-01-01,20.5,89.25,0.05668168
2025-01-01,20.5,89.5,0.053227674
2025-01-01,20.5,89.75,0.051742066
2025-01-01,20.5,90.0,0.051799495
2025-01-01,20.5,90.25,0.049936596
2025-01-01,20.5,90.5,0.04418375
2025-01-01,20.5,90.75,0.04240969
2025-01-01,20.5,91.0,0.04289
2025-01-01,20.75,87.0,0.069409
2025-01-01,20.75,87.25,0.05466683
2025-01-01,20.75,87.5,0.05204919
2025-01-01,20.75,87.75,0.058327887
2025-01-01,20.75,88.0,0.058796566
2025-01-01,20.75,88.25,0.055746872
2025-01-01,20.75,88.5,0.05449806
2025-01-01,20.75,88.75,0.062443033
2025-01-01,20.25,90.5,0.04289
2025-01-01,20.25,90.25,0.044779386
2025-01-01,20.25,90.0,0.050868135
2025-01-01,20.25,89.75,0.050080787
2025-01-01,20.0,87.0,0.06255331
2025-01-01,20.0,87.25,0.05720679
2025-01-01,20.0,87.5,0.058234215
2025-01-01,20.0,87.75,0.06326116
2025-01-01,20.0,88.0,0.06141478
2025-01-01,20.0,88.25,0.064329945
2025-01-01,20.0,88.5,0.068272166
2025-01-01,20.0,88.75,0.06544961
2025-01-01,20.0,89.0,0.063940786
2025-01-01,20.0,89.25,0.06424895
2025-01-01,20.0,89.5,0.05033892
2025-01-01,20.0,89.75,0.047188267
2025-01-01,20.0,90.0,0.046720922
2025-01-01,20.75,89.0,0.060780156
2025-01-01,20.0,90.25,0.042920113
2025-01-01,20.0,90.75,0.04294592
2025-01-01,20.0,91.0,0.04474194
2025-01-01,20.25,87.0,0.06588743
2025-01-01,20.25,87.25,0.07194962
2025-01-01,20.25,87.5,0.06028093
2025-01-01,20.25,87.75,0.068094015
2025-01-01,20.25,88.0,0.06918798
2025-01-01,20.25,88.25,0.05682167
2025-01-01,20.25,88.5,0.060169417
2025-01-01,20.25,88.75,0.06438708
2025-01-01,20.25,89.0,0.065721005
2025-01-01,20.25,89.25,0.060255557
2025-01-01,20.25,89.5,0.04901765
2025-01-01,20.0,90.5,0.04289
2025-01-01,21.75,90.5,0.26153544
2025-01-01,20.75,89.25,0.055101056
2025-01-01,20.75,89.75,0.052625667
2025-01-01,21.25,89.75,0.05761
2025-01-01,21.25,90.0,0.07312877
2025-01-01,21.25,90.25,0.07013972
2025-01-01,21.25,90.5,0.10005605
2025-01-01,21.25,90.75,0.06747965
2025-01-01,21.25,91.0,0.06407888
2025-01-01,21.5,87.25,0.050044473
2025-01-01,21.5,87.5,0.05808124
2025-01-01,21.5,87.75,0.09107893
2025-01-01,21.5,88.0,0.1109547
2025-01-01,21.5,88.25,0.105901696
2025-01-01,21.5,88.5,0.063263305
2025-01-01,21.5,88.75,0.05088809
2025-01-01,21.5,89.0,0.05088809
2025-01-01,21.5,89.25,0.054120112
2025-01-01,21.5,89.5,0.05842563
2025-01-01,21.5,89.75,0.059159856
2025-01-01,21.5,90.0,0.06255978
2025-01-01,21.5,90.25,0.07363012
2025-01-01,21.5,90.5,0.26301
2025-01-01,21.5,90.75,0.18450834
2025-01-01,21.5,91.0,0.17221378
2025-01-01,21.75,87.75,0.108968355
2025-01-01,21.75,88.0,0.10014228
2025-01-01,21.75,89.5,0.08974829
2025-01-01,21.75,89.75,0.117855646
2025-01-01,21.75,90.0,0.10966828
2025-01-01,21.25,89.5,0.05761
2025-01-01,21.25,89.25,0.057606164
2025-01-01,21.25,89.0,0.057602603
2025-01-01,21.25,88.75,0.057602596
2025-01-01,20.75,90.0,0.052307505
2025-01-01,20.75,90.25,0.050383914
2025-01-01,20.75,90.5,0.04603966
2025-01-01,20.75,91.0,0.04289
2025-01-01,21.0,87.0,0.06136788
2025-01-01,21.0,87.25,0.048159864
2025-01-01,21.0,87.5,0.048134267
2025-01-01,21.0,87.75,0.05439194
2025-01-01,21.0,88.0,0.06127566
2025-01-01,21.0,88.25,0.06125137
2025-01-01,21.0,88.5,0.05758208
2025-01-01,21.0,88.75,0.057650585
2025-01-01,21.0,89.0,0.05763417
2025-01-01,20.75,89.5,0.051902194
2025-01-01,21.0,89.25,0.05758899
2025-01-01,21.0,89.75,0.057569455
2025-01-01,21.0,90.0,0.05339867
2025-01-01,21.0,90.25,0.049958766
2025-01-01,21.0,90.5,0.050989747
2025-01-01,21.0,90.75,0.049376935
2025-01-01,21.0,91.0,0.048067253
2025-01-01,21.25,87.0,0.045409914
2025-01-01,21.25,87.25,0.04811201
2025-01-01,21.25,87.5,0.045414183
2025-01-01,21.25,87.75,0.061332952
2025-01-01,21.25,88.0,0.07930586
2025-01-01,21.25,88.25,0.07930089
2025-01-01,21.25,88.5,0.06130265
2025-01-01,21.0,89.5,0.0575626
2025-01-01,22.5,91.0,0.17657804
